{
  "type": "FeatureCollection",
  "generator": "overpass-turbo",
  "copyright": "The data included in this document is from www.openstreetmap.org. The data is made available under ODbL.",
  "timestamp": "2026-05-15T22:17:24Z",
  "features": [
    {
      "type": "Feature",
      "properties": {
        "@id": "way/26390358",
        "electrified": "no",
        "gauge": "1000",
        "passenger_lines": "2",
        "railway": "rail",
        "usage": "main"
      },
      "geometry": {
        "type": "LineString",
        "coordinates": [
          [
            10.5672505,
            35.8334085
          ],
          [
            10.5664533,
            35.8314738
          ],
          [
            10.5658445,
            35.8300398
          ],
          [
            10.5655089,
            35.8292447
          ],
          [
            10.5651376,
            35.8284184
          ],
          [
            10.5649664,
            35.827963
          ],
          [
            10.5649007,
            35.827618
          ],
          [
            10.5648402,
            35.8272392
          ],
          [
            10.5648236,
            35.8268286
          ],
          [
            10.5648612,
            35.82638
          ],
          [
            10.5649529,
            35.825934
          ],
          [
            10.5650784,
            35.8255343
          ],
          [
            10.5652933,
            35.8250928
          ],
          [
            10.5655089,
            35.824756
          ],
          [
            10.5657324,
            35.8244119
          ],
          [
            10.5658717,
            35.8242482
          ],
          [
            10.5659995,
            35.8241135
          ],
          [
            10.5661619,
            35.8239553
          ],
          [
            10.5663867,
            35.823756
          ],
          [
            10.5666143,
            35.8235787
          ],
          [
            10.5668744,
            35.8234004
          ],
          [
            10.5672223,
            35.8231815
          ],
          [
            10.5674556,
            35.8230431
          ],
          [
            10.5677197,
            35.8229011
          ],
          [
            10.5679439,
            35.8228009
          ],
          [
            10.5682166,
            35.8226993
          ],
          [
            10.5684834,
            35.8226054
          ]
        ]
      },
      "id": "way/26390358"
    },
    {
      "type": "Feature",
      "properties": {
        "@id": "way/26390387",
        "bridge": "yes",
        "electrified": "contact_line",
        "frequency": "50",
        "gauge": "1000",
        "layer": "1",
        "passenger_lines": "2",
        "railway": "rail",
        "usage": "main",
        "voltage": "25000"
      },
      "geometry": {
        "type": "LineString",
        "coordinates": [
          [
            10.6783348,
            35.7789628
          ],
          [
            10.6789785,
            35.7782804
          ]
        ]
      },
      "id": "way/26390387"
    },
    {
      "type": "Feature",
      "properties": {
        "@id": "way/26390388",
        "electrified": "contact_line",
        "frequency": "50",
        "gauge": "1000",
        "passenger_lines": "2",
        "railway": "rail",
        "usage": "main",
        "voltage": "25000"
      },
      "geometry": {
        "type": "LineString",
        "coordinates": [
          [
            10.6669045,
            35.7819636
          ],
          [
            10.6658501,
            35.7818787
          ],
          [
            10.6653159,
            35.7818531
          ],
          [
            10.6648784,
            35.7818523
          ],
          [
            10.6644474,
            35.7818613
          ],
          [
            10.6638811,
            35.7819052
          ],
          [
            10.6633242,
            35.7819781
          ],
          [
            10.6626902,
            35.7820765
          ],
          [
            10.662187,
            35.782185
          ],
          [
            10.6617039,
            35.7823291
          ],
          [
            10.661227,
            35.7824893
          ],
          [
            10.6606498,
            35.7827222
          ],
          [
            10.6602227,
            35.7829279
          ],
          [
            10.6598062,
            35.7831526
          ],
          [
            10.6593815,
            35.7834024
          ],
          [
            10.6589854,
            35.7836793
          ],
          [
            10.6585589,
            35.7840016
          ],
          [
            10.6581847,
            35.7843426
          ],
          [
            10.6577533,
            35.7847673
          ],
          [
            10.6573106,
            35.7852978
          ],
          [
            10.6569627,
            35.7858219
          ],
          [
            10.6566916,
            35.786284
          ],
          [
            10.6564149,
            35.7868068
          ],
          [
            10.6549275,
            35.7898942
          ],
          [
            10.6542729,
            35.7912034
          ],
          [
            10.653624,
            35.7925505
          ],
          [
            10.6526651,
            35.794543
          ],
          [
            10.6524938,
            35.7949017
          ],
          [
            10.6522842,
            35.7953388
          ],
          [
            10.6520915,
            35.7957532
          ],
          [
            10.6518961,
            35.7961527
          ],
          [
            10.6517895,
            35.7963752
          ],
          [
            10.6514625,
            35.7970581
          ],
          [
            10.6506003,
            35.7988702
          ],
          [
            10.6504477,
            35.7991858
          ],
          [
            10.65011,
            35.7998837
          ],
          [
            10.6500039,
            35.8001108
          ],
          [
            10.6494774,
            35.8012004
          ],
          [
            10.6487301,
            35.8027551
          ],
          [
            10.6485938,
            35.803049
          ],
          [
            10.6483915,
            35.8034579
          ],
          [
            10.6478377,
            35.8045942
          ],
          [
            10.6475677,
            35.8051125
          ],
          [
            10.6473157,
            35.8055547
          ],
          [
            10.6469433,
            35.8063462
          ],
          [
            10.6461826,
            35.8079344
          ],
          [
            10.6455829,
            35.8091556
          ],
          [
            10.6449617,
            35.8104558
          ],
          [
            10.6436296,
            35.8132522
          ],
          [
            10.6434225,
            35.813701
          ],
          [
            10.6433282,
            35.8139776
          ],
          [
            10.6432716,
            35.8142552
          ],
          [
            10.6432313,
            35.8145231
          ],
          [
            10.6432024,
            35.814835
          ],
          [
            10.6432008,
            35.8151093
          ],
          [
            10.6432211,
            35.8154422
          ],
          [
            10.6432755,
            35.8157795
          ],
          [
            10.6433846,
            35.8162218
          ],
          [
            10.6434973,
            35.8166257
          ]
        ]
      },
      "id": "way/26390388"
    },
    {
      "type": "Feature",
      "properties": {
        "@id": "way/26390452",
        "bridge": "yes",
        "electrified": "contact_line",
        "frequency": "50",
        "gauge": "1000",
        "layer": "1",
        "passenger_lines": "2",
        "railway": "rail",
        "usage": "main",
        "voltage": "25000"
      },
      "geometry": {
        "type": "LineString",
        "coordinates": [
          [
            10.7104138,
            35.7589658
          ],
          [
            10.7106817,
            35.7589866
          ]
        ]
      },
      "id": "way/26390452"
    },
    {
      "type": "Feature",
      "properties": {
        "@id": "way/26390618",
        "electrified": "contact_line",
        "frequency": "50",
        "gauge": "1000",
        "operator": "الشركة الوطنية للسكك الحديدية التونسية",
        "operator:ar": "الشركة الوطنية للسكك الحديدية التونسية",
        "operator:website": "http://www.sncft.com.tn/Ar/",
        "operator:wikidata": "Q2297197",
        "operator:wikipedia": "ar:الشركة الوطنية للسكك الحديدية التونسية",
        "operator:wikipedia:ar": "الشركة الوطنية للسكك الحديدية التونسية",
        "passenger_lines": "2",
        "railway": "rail",
        "usage": "main",
        "voltage": "25000"
      },
      "geometry": {
        "type": "LineString",
        "coordinates": [
          [
            10.7627366,
            35.7652438
          ],
          [
            10.7697555,
            35.7686806
          ],
          [
            10.7724152,
            35.7699881
          ],
          [
            10.7733157,
            35.770388
          ],
          [
            10.7741222,
            35.7707147
          ],
          [
            10.7747065,
            35.7709123
          ],
          [
            10.7752554,
            35.7710845
          ],
          [
            10.7763255,
            35.7713659
          ],
          [
            10.7770503,
            35.7715313
          ],
          [
            10.7777988,
            35.771661
          ],
          [
            10.7789152,
            35.7718189
          ],
          [
            10.7800706,
            35.7719709
          ],
          [
            10.7809838,
            35.7720747
          ],
          [
            10.7818778,
            35.7721139
          ],
          [
            10.7826182,
            35.7720746
          ],
          [
            10.7833478,
            35.7719737
          ],
          [
            10.7839763,
            35.7718272
          ],
          [
            10.7843738,
            35.77171
          ],
          [
            10.7847716,
            35.7715626
          ],
          [
            10.7851283,
            35.7714055
          ],
          [
            10.7854794,
            35.7712324
          ],
          [
            10.7859252,
            35.7709723
          ],
          [
            10.7863412,
            35.7706836
          ],
          [
            10.7866855,
            35.7704025
          ],
          [
            10.7870121,
            35.7700942
          ],
          [
            10.7872735,
            35.7698061
          ],
          [
            10.7875201,
            35.7695091
          ],
          [
            10.7877632,
            35.7691489
          ],
          [
            10.7879946,
            35.7687347
          ],
          [
            10.7881286,
            35.7684343
          ],
          [
            10.7882442,
            35.768118
          ],
          [
            10.7883588,
            35.7677013
          ],
          [
            10.7884486,
            35.7672474
          ],
          [
            10.7884768,
            35.7668443
          ],
          [
            10.788479,
            35.766422
          ],
          [
            10.788394,
            35.7654035
          ],
          [
            10.7878379,
            35.7590533
          ],
          [
            10.787828,
            35.7585386
          ],
          [
            10.7879091,
            35.7578639
          ],
          [
            10.7880457,
            35.7573378
          ],
          [
            10.7882436,
            35.7568888
          ],
          [
            10.7885342,
            35.7564835
          ],
          [
            10.788705,
            35.7562522
          ],
          [
            10.7887471,
            35.7562021
          ],
          [
            10.788966,
            35.7559345
          ],
          [
            10.7894111,
            35.755504
          ],
          [
            10.7901923,
            35.7548381
          ],
          [
            10.792084,
            35.7534594
          ],
          [
            10.7927472,
            35.7530224
          ],
          [
            10.7933956,
            35.7526735
          ],
          [
            10.7939238,
            35.7524684
          ],
          [
            10.7945147,
            35.7523037
          ],
          [
            10.7953066,
            35.7521676
          ],
          [
            10.7960001,
            35.7521428
          ],
          [
            10.796867,
            35.7521846
          ],
          [
            10.7976981,
            35.7523403
          ],
          [
            10.7984931,
            35.7526157
          ],
          [
            10.7992478,
            35.7529987
          ],
          [
            10.7999579,
            35.7534668
          ],
          [
            10.8028401,
            35.7558254
          ],
          [
            10.8047442,
            35.7573799
          ],
          [
            10.8049624,
            35.7575656
          ],
          [
            10.8069709,
            35.7592122
          ],
          [
            10.8071667,
            35.7593727
          ],
          [
            10.8080507,
            35.7600971
          ],
          [
            10.8085446,
            35.7605242
          ],
          [
            10.8090154,
            35.7609614
          ],
          [
            10.8096084,
            35.7615433
          ],
          [
            10.8102625,
            35.7622499
          ],
          [
            10.8106914,
            35.7627303
          ],
          [
            10.8109799,
            35.7630534
          ],
          [
            10.8116496,
            35.7637869
          ],
          [
            10.8126384,
            35.7648948
          ],
          [
            10.813496,
            35.7658139
          ],
          [
            10.813897,
            35.7662199
          ],
          [
            10.814215,
            35.7664949
          ],
          [
            10.8144448,
            35.7666786
          ],
          [
            10.8146953,
            35.76684
          ],
          [
            10.8150632,
            35.7670741
          ],
          [
            10.81565,
            35.7673612
          ],
          [
            10.8175638,
            35.7682105
          ],
          [
            10.8183617,
            35.7685207
          ],
          [
            10.819331,
            35.7688276
          ],
          [
            10.8216797,
            35.7695264
          ],
          [
            10.8221597,
            35.769662
          ],
          [
            10.8228009,
            35.7698469
          ],
          [
            10.8245118,
            35.7703589
          ],
          [
            10.8261813,
            35.770849
          ]
        ]
      },
      "id": "way/26390618"
    },
    {
      "type": "Feature",
      "properties": {
        "@id": "way/26390619",
        "bridge": "yes",
        "electrified": "contact_line",
        "frequency": "50",
        "gauge": "1000",
        "layer": "1",
        "operator": "الشركة الوطنية للسكك الحديدية التونسية",
        "operator:ar": "الشركة الوطنية للسكك الحديدية التونسية",
        "operator:website": "http://www.sncft.com.tn/Ar/",
        "operator:wikidata": "Q2297197",
        "operator:wikipedia": "ar:الشركة الوطنية للسكك الحديدية التونسية",
        "operator:wikipedia:ar": "الشركة الوطنية للسكك الحديدية التونسية",
        "passenger_lines": "2",
        "railway": "rail",
        "usage": "main",
        "voltage": "25000"
      },
      "geometry": {
        "type": "LineString",
        "coordinates": [
          [
            10.7626384,
            35.7651961
          ],
          [
            10.7627366,
            35.7652438
          ]
        ]
      },
      "id": "way/26390619"
    },
    {
      "type": "Feature",
      "properties": {
        "@id": "way/26390683",
        "electrified": "contact_line",
        "frequency": "50",
        "gauge": "1000",
        "passenger_lines": "2",
        "railway": "rail",
        "usage": "main",
        "voltage": "25000"
      },
      "geometry": {
        "type": "LineString",
        "coordinates": [
          [
            10.8108593,
            35.7570109
          ],
          [
            10.8123157,
            35.7559334
          ],
          [
            10.8149905,
            35.7539979
          ],
          [
            10.817586,
            35.7520954
          ],
          [
            10.81902,
            35.7510513
          ],
          [
            10.8194197,
            35.7507227
          ],
          [
            10.8198276,
            35.7503448
          ],
          [
            10.8203089,
            35.7497518
          ],
          [
            10.8206143,
            35.7493975
          ],
          [
            10.8208635,
            35.7490252
          ],
          [
            10.8211083,
            35.7485918
          ],
          [
            10.82131,
            35.7481556
          ],
          [
            10.8215068,
            35.7476406
          ],
          [
            10.8216509,
            35.7471191
          ],
          [
            10.8217515,
            35.7466288
          ],
          [
            10.8217929,
            35.7461362
          ],
          [
            10.8217952,
            35.7460466
          ],
          [
            10.821805,
            35.7456567
          ],
          [
            10.8217758,
            35.7451673
          ],
          [
            10.8217351,
            35.7448416
          ],
          [
            10.8216689,
            35.7445143
          ],
          [
            10.8215301,
            35.7439546
          ],
          [
            10.8213879,
            35.7433817
          ],
          [
            10.8210913,
            35.742382
          ],
          [
            10.8203243,
            35.7397974
          ],
          [
            10.8198691,
            35.7382949
          ],
          [
            10.819645,
            35.7377832
          ],
          [
            10.8194587,
            35.7373659
          ],
          [
            10.8192325,
            35.7369263
          ],
          [
            10.8189924,
            35.7365274
          ],
          [
            10.8188084,
            35.7362511
          ],
          [
            10.8185634,
            35.7359219
          ],
          [
            10.8181459,
            35.7354091
          ],
          [
            10.8177495,
            35.7349925
          ],
          [
            10.8172471,
            35.7345459
          ],
          [
            10.8126794,
            35.7306125
          ],
          [
            10.8087424,
            35.7272255
          ],
          [
            10.8082037,
            35.7267252
          ],
          [
            10.8077877,
            35.7263195
          ],
          [
            10.8075326,
            35.7260574
          ],
          [
            10.8072891,
            35.7257672
          ],
          [
            10.8068978,
            35.7252371
          ],
          [
            10.8066518,
            35.7248921
          ],
          [
            10.806445,
            35.7245304
          ]
        ]
      },
      "id": "way/26390683"
    },
    {
      "type": "Feature",
      "properties": {
        "@id": "way/26390755",
        "electrified": "contact_line",
        "frequency": "50",
        "gauge": "1000",
        "passenger_lines": "2",
        "railway": "rail",
        "usage": "main",
        "voltage": "25000"
      },
      "geometry": {
        "type": "LineString",
        "coordinates": [
          [
            10.8108593,
            35.7570109
          ],
          [
            10.8104487,
            35.7573478
          ],
          [
            10.8100188,
            35.7577455
          ],
          [
            10.8095769,
            35.7582023
          ],
          [
            10.8093086,
            35.7585963
          ],
          [
            10.8091351,
            35.7589824
          ],
          [
            10.8090421,
            35.7593479
          ],
          [
            10.8090209,
            35.7597286
          ],
          [
            10.8090329,
            35.7599857
          ],
          [
            10.80907,
            35.7601583
          ],
          [
            10.8091341,
            35.7603948
          ],
          [
            10.8092284,
            35.7606316
          ],
          [
            10.8093296,
            35.7608284
          ],
          [
            10.8095042,
            35.7611018
          ],
          [
            10.8097006,
            35.7613602
          ],
          [
            10.8101827,
            35.762007
          ],
          [
            10.8109799,
            35.7630534
          ]
        ]
      },
      "id": "way/26390755"
    },
    {
      "type": "Feature",
      "properties": {
        "@id": "way/26407509",
        "electrified": "no",
        "gauge": "1000",
        "passenger_lines": "1",
        "railway": "rail",
        "usage": "main"
      },
      "geometry": {
        "type": "LineString",
        "coordinates": [
          [
            10.6189249,
            35.6366139
          ],
          [
            10.6189839,
            35.6372016
          ],
          [
            10.6190112,
            35.6376477
          ],
          [
            10.6190124,
            35.6380924
          ],
          [
            10.6189837,
            35.6385146
          ],
          [
            10.6189323,
            35.6389135
          ],
          [
            10.61889,
            35.6391505
          ],
          [
            10.6188507,
            35.6393186
          ],
          [
            10.6186445,
            35.6400565
          ],
          [
            10.6173092,
            35.6442911
          ],
          [
            10.615981,
            35.64845
          ],
          [
            10.6146324,
            35.6526378
          ],
          [
            10.6134661,
            35.656331
          ],
          [
            10.6124954,
            35.6592906
          ],
          [
            10.6116809,
            35.6618263
          ],
          [
            10.6110796,
            35.6637205
          ],
          [
            10.6105339,
            35.6655588
          ],
          [
            10.607487,
            35.6777696
          ],
          [
            10.6072809,
            35.678588
          ],
          [
            10.6070882,
            35.6794161
          ],
          [
            10.6066841,
            35.681055
          ],
          [
            10.6063363,
            35.6824845
          ],
          [
            10.6060409,
            35.6837006
          ],
          [
            10.6057348,
            35.684933
          ],
          [
            10.6054719,
            35.6860245
          ],
          [
            10.6052238,
            35.687001
          ]
        ]
      },
      "id": "way/26407509"
    },
    {
      "type": "Feature",
      "properties": {
        "@id": "way/26407579",
        "electrified": "no",
        "gauge": "1000",
        "passenger_lines": "1",
        "railway": "rail",
        "usage": "main"
      },
      "geometry": {
        "type": "LineString",
        "coordinates": [
          [
            10.6051784,
            35.6871766
          ],
          [
            10.6049258,
            35.6882756
          ],
          [
            10.6046597,
            35.6893921
          ],
          [
            10.604473,
            35.6901332
          ],
          [
            10.604297,
            35.6908689
          ],
          [
            10.604081,
            35.6917354
          ],
          [
            10.6035075,
            35.694058
          ],
          [
            10.6031769,
            35.6954374
          ],
          [
            10.6028716,
            35.6966709
          ],
          [
            10.6023393,
            35.6988546
          ],
          [
            10.6018731,
            35.7007629
          ],
          [
            10.6016639,
            35.7016167
          ],
          [
            10.6014485,
            35.7024982
          ],
          [
            10.6012349,
            35.7033871
          ],
          [
            10.6010012,
            35.7043426
          ],
          [
            10.6008431,
            35.70498
          ],
          [
            10.6004208,
            35.7067238
          ],
          [
            10.6001802,
            35.7077146
          ],
          [
            10.5995476,
            35.7102552
          ],
          [
            10.5994029,
            35.7108643
          ],
          [
            10.5990611,
            35.7122925
          ],
          [
            10.598576,
            35.7143082
          ],
          [
            10.5983971,
            35.7150123
          ],
          [
            10.5982212,
            35.7157404
          ],
          [
            10.5980266,
            35.7165506
          ],
          [
            10.5978241,
            35.7173825
          ],
          [
            10.5975473,
            35.7184907
          ],
          [
            10.5974414,
            35.7189594
          ],
          [
            10.5973407,
            35.7194318
          ],
          [
            10.597285,
            35.7197623
          ],
          [
            10.5972488,
            35.7200835
          ],
          [
            10.5972188,
            35.7204245
          ],
          [
            10.5972031,
            35.7207684
          ],
          [
            10.5972009,
            35.7214027
          ],
          [
            10.5972032,
            35.7220592
          ],
          [
            10.5971951,
            35.7229658
          ],
          [
            10.5971787,
            35.7234219
          ],
          [
            10.5971891,
            35.7238803
          ],
          [
            10.5972029,
            35.7241407
          ],
          [
            10.5972301,
            35.7244011
          ],
          [
            10.5972694,
            35.7246484
          ],
          [
            10.5973222,
            35.7248957
          ],
          [
            10.5973764,
            35.7251172
          ],
          [
            10.5974449,
            35.7253404
          ],
          [
            10.5975409,
            35.7256155
          ],
          [
            10.597651,
            35.7258906
          ]
        ]
      },
      "id": "way/26407579"
    },
    {
      "type": "Feature",
      "properties": {
        "@id": "way/26407580",
        "bridge": "yes",
        "electrified": "no",
        "gauge": "1000",
        "layer": "1",
        "passenger_lines": "1",
        "railway": "rail",
        "usage": "main"
      },
      "geometry": {
        "type": "LineString",
        "coordinates": [
          [
            10.6052238,
            35.687001
          ],
          [
            10.6051784,
            35.6871766
          ]
        ]
      },
      "id": "way/26407580"
    },
    {
      "type": "Feature",
      "properties": {
        "@id": "way/26407634",
        "electrified": "no",
        "gauge": "1000",
        "passenger_lines": "2",
        "railway": "rail",
        "usage": "main"
      },
      "geometry": {
        "type": "LineString",
        "coordinates": [
          [
            10.5989418,
            35.7277206
          ],
          [
            10.5992062,
            35.7280015
          ],
          [
            10.5996003,
            35.7284272
          ],
          [
            10.5997802,
            35.7285996
          ],
          [
            10.6011175,
            35.7299733
          ],
          [
            10.6018484,
            35.7307209
          ],
          [
            10.6021665,
            35.7310483
          ],
          [
            10.6024206,
            35.7313016
          ],
          [
            10.6033,
            35.732223
          ],
          [
            10.6041983,
            35.7331419
          ],
          [
            10.6044082,
            35.7334066
          ],
          [
            10.6046484,
            35.733756
          ],
          [
            10.6048748,
            35.7341837
          ],
          [
            10.6050205,
            35.7345622
          ],
          [
            10.6051385,
            35.7350034
          ],
          [
            10.6052019,
            35.7354512
          ],
          [
            10.6052178,
            35.7358041
          ],
          [
            10.605205,
            35.7366623
          ]
        ]
      },
      "id": "way/26407634"
    },
    {
      "type": "Feature",
      "properties": {
        "@id": "way/26407636",
        "bridge": "yes",
        "electrified": "no",
        "gauge": "1000",
        "layer": "1",
        "passenger_lines": "1",
        "railway": "rail",
        "usage": "main"
      },
      "geometry": {
        "type": "LineString",
        "coordinates": [
          [
            10.597651,
            35.7258906
          ],
          [
            10.5978014,
            35.7261852
          ]
        ]
      },
      "id": "way/26407636"
    },
    {
      "type": "Feature",
      "properties": {
        "@id": "way/26407642",
        "gauge": "1000",
        "railway": "rail",
        "service": "yard",
        "usage": "branch"
      },
      "geometry": {
        "type": "LineString",
        "coordinates": [
          [
            10.5992062,
            35.7280015
          ],
          [
            10.5995566,
            35.7282804
          ],
          [
            10.5997832,
            35.7284691
          ],
          [
            10.5998573,
            35.7285454
          ],
          [
            10.6012032,
            35.7299234
          ],
          [
            10.6015145,
            35.7302357
          ],
          [
            10.6016559,
            35.7303933
          ],
          [
            10.6023884,
            35.7311391
          ]
        ]
      },
      "id": "way/26407642"
    },
    {
      "type": "Feature",
      "properties": {
        "@id": "way/26408468",
        "bridge": "yes",
        "gauge": "1000",
        "layer": "1",
        "railway": "rail",
        "usage": "main"
      },
      "geometry": {
        "type": "LineString",
        "coordinates": [
          [
            10.6163462,
            35.7525814
          ],
          [
            10.6164954,
            35.7526464
          ]
        ]
      },
      "id": "way/26408468"
    },
    {
      "type": "Feature",
      "properties": {
        "@id": "way/26408469",
        "gauge": "1000",
        "railway": "rail",
        "usage": "main"
      },
      "geometry": {
        "type": "LineString",
        "coordinates": [
          [
            10.6164954,
            35.7526464
          ],
          [
            10.6218775,
            35.7550565
          ],
          [
            10.6219001,
            35.7550667
          ],
          [
            10.6274171,
            35.7575441
          ],
          [
            10.6281832,
            35.7579096
          ],
          [
            10.6288981,
            35.7582815
          ],
          [
            10.6294354,
            35.758622
          ],
          [
            10.629943,
            35.7589915
          ],
          [
            10.6303273,
            35.7593359
          ],
          [
            10.6306849,
            35.7596934
          ]
        ]
      },
      "id": "way/26408469"
    },
    {
      "type": "Feature",
      "properties": {
        "@id": "way/26408496",
        "bridge": "yes",
        "gauge": "1000",
        "layer": "1",
        "railway": "rail",
        "usage": "main"
      },
      "geometry": {
        "type": "LineString",
        "coordinates": [
          [
            10.6306849,
            35.7596934
          ],
          [
            10.6308704,
            35.7598769
          ]
        ]
      },
      "id": "way/26408496"
    },
    {
      "type": "Feature",
      "properties": {
        "@id": "way/26409165",
        "electrified": "no",
        "gauge": "1000",
        "passenger_lines": "1",
        "railway": "rail",
        "usage": "main"
      },
      "geometry": {
        "type": "LineString",
        "coordinates": [
          [
            10.5757315,
            35.8217798
          ],
          [
            10.575349,
            35.8216444
          ],
          [
            10.5748386,
            35.8214578
          ],
          [
            10.5745865,
            35.8213463
          ],
          [
            10.5743673,
            35.8212361
          ],
          [
            10.5741743,
            35.8211118
          ],
          [
            10.5740022,
            35.8209889
          ],
          [
            10.573838,
            35.820864
          ],
          [
            10.5736792,
            35.8207088
          ],
          [
            10.573542,
            35.8205425
          ],
          [
            10.5733721,
            35.8202997
          ],
          [
            10.5732531,
            35.8200847
          ],
          [
            10.5731497,
            35.8198477
          ],
          [
            10.5730713,
            35.8196107
          ],
          [
            10.5730158,
            35.8192536
          ],
          [
            10.5729992,
            35.818995
          ],
          [
            10.5730083,
            35.8183762
          ]
        ]
      },
      "id": "way/26409165"
    },
    {
      "type": "Feature",
      "properties": {
        "@id": "way/26409280",
        "electrified": "no",
        "gauge": "1000",
        "railway": "rail",
        "service": "siding"
      },
      "geometry": {
        "type": "LineString",
        "coordinates": [
          [
            10.5982327,
            35.7270597
          ],
          [
            10.5992883,
            35.7281437
          ]
        ]
      },
      "id": "way/26409280"
    },
    {
      "type": "Feature",
      "properties": {
        "@id": "way/26409513",
        "gauge": "1000",
        "railway": "rail",
        "usage": "main"
      },
      "geometry": {
        "type": "LineString",
        "coordinates": [
          [
            10.6009374,
            35.7425701
          ],
          [
            10.6013335,
            35.7422343
          ],
          [
            10.6016058,
            35.742022
          ],
          [
            10.6019969,
            35.7417514
          ],
          [
            10.6023125,
            35.7415829
          ],
          [
            10.6026416,
            35.7414496
          ],
          [
            10.6029574,
            35.7413555
          ],
          [
            10.6032859,
            35.7412912
          ],
          [
            10.60366,
            35.7412499
          ],
          [
            10.6039898,
            35.7412571
          ],
          [
            10.6043655,
            35.7412774
          ],
          [
            10.6046668,
            35.7413201
          ],
          [
            10.6049451,
            35.7413956
          ],
          [
            10.605293,
            35.7415125
          ],
          [
            10.6055961,
            35.7416374
          ],
          [
            10.6058943,
            35.7418157
          ],
          [
            10.6061689,
            35.741997
          ],
          [
            10.6064092,
            35.7422202
          ],
          [
            10.6067255,
            35.7426079
          ],
          [
            10.6072357,
            35.7433049
          ]
        ]
      },
      "id": "way/26409513"
    },
    {
      "type": "Feature",
      "properties": {
        "@id": "way/26409565",
        "electrified": "no",
        "gauge": "1000",
        "passenger_lines": "2",
        "railway": "rail",
        "usage": "main"
      },
      "geometry": {
        "type": "LineString",
        "coordinates": [
          [
            10.5673816,
            35.8337213
          ],
          [
            10.5676958,
            35.8343992
          ],
          [
            10.5678562,
            35.8350217
          ],
          [
            10.567959,
            35.8355518
          ],
          [
            10.5680351,
            35.8361641
          ],
          [
            10.5680544,
            35.8366962
          ],
          [
            10.5680278,
            35.8373392
          ],
          [
            10.5679444,
            35.8380033
          ],
          [
            10.5678076,
            35.8385715
          ],
          [
            10.5676032,
            35.839251
          ],
          [
            10.5674292,
            35.8397079
          ],
          [
            10.5671532,
            35.840234
          ],
          [
            10.5665299,
            35.8413069
          ],
          [
            10.5652249,
            35.8435166
          ],
          [
            10.5632945,
            35.8468224
          ]
        ]
      },
      "id": "way/26409565"
    },
    {
      "type": "Feature",
      "properties": {
        "@id": "way/26409566",
        "bridge": "yes",
        "electrified": "no",
        "gauge": "1000",
        "layer": "1",
        "passenger_lines": "2",
        "railway": "rail",
        "usage": "main"
      },
      "geometry": {
        "type": "LineString",
        "coordinates": [
          [
            10.5672505,
            35.8334085
          ],
          [
            10.5673816,
            35.8337213
          ]
        ]
      },
      "id": "way/26409566"
    },
    {
      "type": "Feature",
      "properties": {
        "@id": "way/26409632",
        "electrified": "no",
        "gauge": "1000",
        "passenger_lines": "2",
        "railway": "rail",
        "usage": "main"
      },
      "geometry": {
        "type": "LineString",
        "coordinates": [
          [
            10.5500705,
            35.8710192
          ],
          [
            10.5497425,
            35.8715259
          ],
          [
            10.5494122,
            35.8721935
          ],
          [
            10.5491807,
            35.8727389
          ],
          [
            10.5490377,
            35.873197
          ],
          [
            10.5487619,
            35.8742799
          ],
          [
            10.5485528,
            35.8752383
          ],
          [
            10.5482891,
            35.8760345
          ],
          [
            10.5480099,
            35.8766922
          ],
          [
            10.5476258,
            35.8774405
          ],
          [
            10.5472503,
            35.8779955
          ],
          [
            10.5468114,
            35.8785581
          ],
          [
            10.5463787,
            35.8790355
          ],
          [
            10.5457376,
            35.8796515
          ],
          [
            10.5451892,
            35.8801295
          ],
          [
            10.5440284,
            35.8811232
          ],
          [
            10.5433779,
            35.8817494
          ],
          [
            10.5429013,
            35.8822844
          ],
          [
            10.5425104,
            35.8828199
          ],
          [
            10.5420668,
            35.8835372
          ],
          [
            10.5416688,
            35.8843258
          ],
          [
            10.5399855,
            35.8877039
          ],
          [
            10.5396093,
            35.888396
          ],
          [
            10.5393634,
            35.8887949
          ],
          [
            10.5389185,
            35.8893635
          ],
          [
            10.5385099,
            35.8898252
          ],
          [
            10.5379316,
            35.8903955
          ],
          [
            10.5372102,
            35.8909822
          ],
          [
            10.536467,
            35.8914829
          ],
          [
            10.5358437,
            35.891838
          ],
          [
            10.5352399,
            35.8921435
          ],
          [
            10.5345803,
            35.8924646
          ],
          [
            10.5301688,
            35.8947196
          ],
          [
            10.5277206,
            35.8959655
          ],
          [
            10.5277065,
            35.8959737
          ],
          [
            10.5269249,
            35.896427
          ],
          [
            10.5261513,
            35.8969506
          ],
          [
            10.5254592,
            35.8975321
          ],
          [
            10.5247472,
            35.8982501
          ],
          [
            10.5243544,
            35.8987229
          ],
          [
            10.5240047,
            35.8992077
          ],
          [
            10.5237226,
            35.8996718
          ],
          [
            10.5234811,
            35.9001116
          ],
          [
            10.5232915,
            35.9005514
          ],
          [
            10.52311,
            35.9009924
          ],
          [
            10.5228783,
            35.9017438
          ],
          [
            10.5227881,
            35.9022333
          ],
          [
            10.5227132,
            35.9027177
          ],
          [
            10.5226577,
            35.9035071
          ],
          [
            10.5223105,
            35.9089458
          ],
          [
            10.5222254,
            35.9094963
          ],
          [
            10.5221441,
            35.9098675
          ],
          [
            10.5220049,
            35.9103785
          ],
          [
            10.5218766,
            35.9107802
          ],
          [
            10.521712,
            35.9111594
          ],
          [
            10.5214907,
            35.9116121
          ],
          [
            10.521293,
            35.9119866
          ],
          [
            10.5211723,
            35.9122152
          ],
          [
            10.5209223,
            35.9125852
          ],
          [
            10.5206573,
            35.9129381
          ],
          [
            10.520065,
            35.9136263
          ],
          [
            10.5197146,
            35.913995
          ],
          [
            10.5193434,
            35.9143545
          ],
          [
            10.5187535,
            35.9148077
          ],
          [
            10.5181102,
            35.9152559
          ],
          [
            10.5176876,
            35.9155141
          ],
          [
            10.5172171,
            35.9157699
          ],
          [
            10.5165777,
            35.916089
          ],
          [
            10.5119798,
            35.918235
          ],
          [
            10.5068466,
            35.9206648
          ],
          [
            10.506051,
            35.9210804
          ],
          [
            10.5054278,
            35.9214764
          ],
          [
            10.5048149,
            35.9219285
          ],
          [
            10.5042001,
            35.9224632
          ],
          [
            10.5037191,
            35.9229384
          ],
          [
            10.5031842,
            35.9235435
          ],
          [
            10.5022294,
            35.9246853
          ],
          [
            10.4992168,
            35.9283203
          ],
          [
            10.4976461,
            35.9302385
          ],
          [
            10.4967191,
            35.9313158
          ],
          [
            10.495981,
            35.9319413
          ],
          [
            10.4951999,
            35.932532
          ],
          [
            10.4945476,
            35.932942
          ],
          [
            10.4933116,
            35.9335536
          ],
          [
            10.490771,
            35.9345335
          ],
          [
            10.4893033,
            35.9350269
          ],
          [
            10.4882901,
            35.9354076
          ],
          [
            10.4869172,
            35.9359234
          ],
          [
            10.4819905,
            35.9377511
          ],
          [
            10.4782226,
            35.9391132
          ],
          [
            10.4751676,
            35.9403145
          ],
          [
            10.4710901,
            35.941726
          ],
          [
            10.4670903,
            35.9431992
          ],
          [
            10.4621972,
            35.9450893
          ],
          [
            10.4603612,
            35.9457008
          ],
          [
            10.4596317,
            35.9460065
          ],
          [
            10.4588646,
            35.9464073
          ],
          [
            10.4584084,
            35.9466783
          ],
          [
            10.4579813,
            35.9469688
          ],
          [
            10.4576499,
            35.9472218
          ],
          [
            10.4573293,
            35.9474792
          ],
          [
            10.4565877,
            35.9481621
          ],
          [
            10.453107,
            35.9515019
          ],
          [
            10.4506797,
            35.9537287
          ],
          [
            10.4497289,
            35.9546027
          ]
        ]
      },
      "id": "way/26409632"
    },
    {
      "type": "Feature",
      "properties": {
        "@id": "way/26409633",
        "bridge": "yes",
        "electrified": "no",
        "gauge": "1000",
        "layer": "1",
        "passenger_lines": "2",
        "railway": "rail",
        "usage": "main"
      },
      "geometry": {
        "type": "LineString",
        "coordinates": [
          [
            10.5502792,
            35.8707175
          ],
          [
            10.5500705,
            35.8710192
          ]
        ]
      },
      "id": "way/26409633"
    },
    {
      "type": "Feature",
      "properties": {
        "@id": "way/26450897",
        "electrified": "contact_line",
        "frequency": "50",
        "gauge": "1000",
        "operator": "الشركة الوطنية للسكك الحديدية التونسية",
        "operator:ar": "الشركة الوطنية للسكك الحديدية التونسية",
        "operator:website": "http://www.sncft.com.tn/Ar/",
        "operator:wikidata": "Q2297197",
        "operator:wikipedia": "ar:الشركة الوطنية للسكك الحديدية التونسية",
        "operator:wikipedia:ar": "الشركة الوطنية للسكك الحديدية التونسية",
        "passenger_lines": "2",
        "railway": "rail",
        "usage": "main",
        "voltage": "25000"
      },
      "geometry": {
        "type": "LineString",
        "coordinates": [
          [
            10.8063133,
            35.724286
          ],
          [
            10.8060646,
            35.7237779
          ],
          [
            10.8058517,
            35.7232124
          ],
          [
            10.8057267,
            35.7228585
          ],
          [
            10.80562,
            35.7224668
          ],
          [
            10.8055287,
            35.7220186
          ],
          [
            10.8054578,
            35.7215743
          ],
          [
            10.8054285,
            35.7210821
          ],
          [
            10.8054233,
            35.7205886
          ],
          [
            10.8054541,
            35.7200624
          ],
          [
            10.8055147,
            35.7195585
          ],
          [
            10.8056359,
            35.7189538
          ],
          [
            10.8058197,
            35.718332
          ],
          [
            10.8060203,
            35.7178225
          ],
          [
            10.806238,
            35.7173659
          ],
          [
            10.8065376,
            35.7168103
          ],
          [
            10.8068708,
            35.7162902
          ],
          [
            10.8109672,
            35.7109615
          ],
          [
            10.8114537,
            35.710376
          ],
          [
            10.8130124,
            35.7083454
          ],
          [
            10.814438,
            35.7065745
          ],
          [
            10.8149077,
            35.7060711
          ],
          [
            10.8154101,
            35.7055709
          ],
          [
            10.8167007,
            35.7043962
          ],
          [
            10.8173855,
            35.7038223
          ],
          [
            10.8206766,
            35.7008486
          ],
          [
            10.8217978,
            35.6998514
          ],
          [
            10.8223499,
            35.6993361
          ],
          [
            10.8234412,
            35.6982497
          ],
          [
            10.8238919,
            35.697762
          ],
          [
            10.8243334,
            35.6972722
          ],
          [
            10.8248741,
            35.6966694
          ],
          [
            10.8254055,
            35.6960694
          ],
          [
            10.8263001,
            35.6950844
          ],
          [
            10.8271502,
            35.6941374
          ],
          [
            10.8288796,
            35.6922164
          ],
          [
            10.829324,
            35.6917206
          ],
          [
            10.8297752,
            35.6912214
          ],
          [
            10.8304114,
            35.6905092
          ],
          [
            10.8315655,
            35.6892075
          ],
          [
            10.8336831,
            35.6868746
          ],
          [
            10.8350091,
            35.6853931
          ],
          [
            10.8365811,
            35.6836575
          ],
          [
            10.8377838,
            35.6823905
          ],
          [
            10.8381376,
            35.6820429
          ],
          [
            10.8384467,
            35.6817533
          ],
          [
            10.8388232,
            35.6814707
          ],
          [
            10.8392486,
            35.6812146
          ],
          [
            10.8396626,
            35.6809794
          ],
          [
            10.8398688,
            35.6808911
          ],
          [
            10.8400664,
            35.6808183
          ],
          [
            10.8406889,
            35.6806094
          ],
          [
            10.8419705,
            35.6802348
          ],
          [
            10.8420831,
            35.6802076
          ],
          [
            10.8444016,
            35.6795416
          ],
          [
            10.8457554,
            35.6791788
          ],
          [
            10.8469356,
            35.6788331
          ],
          [
            10.8488983,
            35.6782729
          ],
          [
            10.8516364,
            35.6775061
          ],
          [
            10.8525362,
            35.6772485
          ],
          [
            10.8534286,
            35.6769978
          ],
          [
            10.8549599,
            35.6765846
          ],
          [
            10.857599,
            35.6758568
          ],
          [
            10.860862,
            35.6750008
          ],
          [
            10.8615276,
            35.6748249
          ],
          [
            10.8621293,
            35.6746507
          ],
          [
            10.8635953,
            35.6741516
          ],
          [
            10.8641344,
            35.6739573
          ],
          [
            10.8645883,
            35.6737613
          ],
          [
            10.8653314,
            35.6734279
          ],
          [
            10.8660777,
            35.6730841
          ],
          [
            10.8669316,
            35.6726853
          ],
          [
            10.8699174,
            35.6713352
          ]
        ]
      },
      "id": "way/26450897"
    },
    {
      "type": "Feature",
      "properties": {
        "@id": "way/26450898",
        "bridge": "yes",
        "electrified": "contact_line",
        "frequency": "50",
        "gauge": "1000",
        "layer": "1",
        "passenger_lines": "2",
        "railway": "rail",
        "usage": "main",
        "voltage": "25000"
      },
      "geometry": {
        "type": "LineString",
        "coordinates": [
          [
            10.806445,
            35.7245304
          ],
          [
            10.8063133,
            35.724286
          ]
        ]
      },
      "id": "way/26450898"
    },
    {
      "type": "Feature",
      "properties": {
        "@id": "way/26540653",
        "bridge": "yes",
        "electrified": "no",
        "gauge": "1000",
        "layer": "1",
        "passenger_lines": "2",
        "railway": "rail",
        "usage": "main"
      },
      "geometry": {
        "type": "LineString",
        "coordinates": [
          [
            10.5632945,
            35.8468224
          ],
          [
            10.5631449,
            35.847078
          ]
        ]
      },
      "id": "way/26540653"
    },
    {
      "type": "Feature",
      "properties": {
        "@id": "way/26540655",
        "electrified": "no",
        "gauge": "1000",
        "passenger_lines": "2",
        "railway": "rail",
        "usage": "main"
      },
      "geometry": {
        "type": "LineString",
        "coordinates": [
          [
            10.5631449,
            35.847078
          ],
          [
            10.5627537,
            35.8477757
          ],
          [
            10.5625748,
            35.8481511
          ],
          [
            10.5624507,
            35.848505
          ],
          [
            10.5623024,
            35.8489877
          ],
          [
            10.5622037,
            35.8494971
          ],
          [
            10.5621496,
            35.849853
          ],
          [
            10.5620905,
            35.8522756
          ],
          [
            10.5620521,
            35.8548488
          ],
          [
            10.5620347,
            35.857656
          ],
          [
            10.5619947,
            35.8587144
          ],
          [
            10.5619233,
            35.8592097
          ],
          [
            10.5618442,
            35.8596439
          ],
          [
            10.5617047,
            35.860083
          ],
          [
            10.5615148,
            35.8606104
          ],
          [
            10.5613044,
            35.8611083
          ],
          [
            10.5609285,
            35.8617919
          ],
          [
            10.5604355,
            35.8625343
          ],
          [
            10.5600037,
            35.8630914
          ],
          [
            10.5592616,
            35.8638498
          ],
          [
            10.5588666,
            35.8641951
          ],
          [
            10.5584806,
            35.8645178
          ],
          [
            10.5579606,
            35.8648907
          ],
          [
            10.5572541,
            35.8653521
          ],
          [
            10.5561796,
            35.8660277
          ],
          [
            10.5560636,
            35.8660992
          ],
          [
            10.555069,
            35.8667541
          ],
          [
            10.5548719,
            35.866883
          ],
          [
            10.5533896,
            35.8678527
          ],
          [
            10.5524391,
            35.868529
          ],
          [
            10.5518653,
            35.8689872
          ],
          [
            10.5515317,
            35.8692952
          ],
          [
            10.5511184,
            35.869704
          ],
          [
            10.5506955,
            35.870167
          ],
          [
            10.5503751,
            35.8705716
          ],
          [
            10.5502792,
            35.8707175
          ]
        ]
      },
      "id": "way/26540655"
    },
    {
      "type": "Feature",
      "properties": {
        "@id": "way/43942234",
        "gauge": "1000",
        "railway": "rail",
        "service": "siding"
      },
      "geometry": {
        "type": "LineString",
        "coordinates": [
          [
            10.6415841,
            35.8228918
          ],
          [
            10.6415505,
            35.8223923
          ],
          [
            10.6415574,
            35.8221981
          ],
          [
            10.6415695,
            35.8220748
          ],
          [
            10.6415933,
            35.8219585
          ],
          [
            10.6416537,
            35.8217849
          ],
          [
            10.6417034,
            35.8216734
          ],
          [
            10.6419141,
            35.8212959
          ],
          [
            10.6420746,
            35.8209651
          ]
        ]
      },
      "id": "way/43942234"
    },
    {
      "type": "Feature",
      "properties": {
        "@id": "way/43942235",
        "gauge": "1000",
        "railway": "rail",
        "usage": "main"
      },
      "geometry": {
        "type": "LineString",
        "coordinates": [
          [
            10.643422,
            35.8166412
          ],
          [
            10.6433156,
            35.816232
          ],
          [
            10.6432076,
            35.81579
          ],
          [
            10.6431544,
            35.8154325
          ],
          [
            10.6431356,
            35.8151099
          ],
          [
            10.6431422,
            35.8148324
          ],
          [
            10.6431714,
            35.8145166
          ],
          [
            10.6432209,
            35.8142463
          ],
          [
            10.6432918,
            35.8139618
          ],
          [
            10.6433895,
            35.8136822
          ],
          [
            10.6435781,
            35.8132378
          ],
          [
            10.6448987,
            35.8104941
          ],
          [
            10.6455411,
            35.8091771
          ],
          [
            10.6458489,
            35.8085246
          ],
          [
            10.6461325,
            35.8079395
          ],
          [
            10.6468911,
            35.8063549
          ],
          [
            10.6472053,
            35.8056959
          ],
          [
            10.6474869,
            35.8050941
          ],
          [
            10.647696,
            35.804675
          ],
          [
            10.6477522,
            35.8045623
          ],
          [
            10.6478642,
            35.8043302
          ],
          [
            10.6485001,
            35.8030041
          ],
          [
            10.6490139,
            35.8019301
          ],
          [
            10.6493786,
            35.8011681
          ],
          [
            10.6496337,
            35.8006487
          ],
          [
            10.6500116,
            35.7998506
          ],
          [
            10.6500437,
            35.7997828
          ],
          [
            10.6503686,
            35.7991303
          ],
          [
            10.6505032,
            35.7988499
          ],
          [
            10.6517319,
            35.7963701
          ],
          [
            10.6518427,
            35.7961472
          ],
          [
            10.6520295,
            35.7957366
          ],
          [
            10.6522213,
            35.795337
          ],
          [
            10.6529577,
            35.7938126
          ],
          [
            10.6530286,
            35.7935515
          ]
        ]
      },
      "id": "way/43942235"
    },
    {
      "type": "Feature",
      "properties": {
        "@id": "way/44733416",
        "electrified": "contact_line",
        "frequency": "50",
        "gauge": "1000",
        "operator": "الشركة الوطنية للسكك الحديدية التونسية",
        "operator:ar": "الشركة الوطنية للسكك الحديدية التونسية",
        "operator:website": "http://www.sncft.com.tn/Ar/",
        "operator:wikidata": "Q2297197",
        "operator:wikipedia": "ar:الشركة الوطنية للسكك الحديدية التونسية",
        "operator:wikipedia:ar": "الشركة الوطنية للسكك الحديدية التونسية",
        "passenger_lines": "2",
        "railway": "rail",
        "usage": "main",
        "voltage": "25000"
      },
      "geometry": {
        "type": "LineString",
        "coordinates": [
          [
            10.6789785,
            35.7782804
          ],
          [
            10.6796737,
            35.7775353
          ],
          [
            10.680515,
            35.7766688
          ],
          [
            10.6813264,
            35.7759762
          ],
          [
            10.6822636,
            35.7752463
          ],
          [
            10.6832131,
            35.7745949
          ],
          [
            10.6843656,
            35.7738416
          ],
          [
            10.6848761,
            35.7735059
          ],
          [
            10.6853318,
            35.7731679
          ],
          [
            10.6856707,
            35.7729085
          ],
          [
            10.6860042,
            35.7726248
          ],
          [
            10.6866621,
            35.7720303
          ],
          [
            10.687316,
            35.7713517
          ],
          [
            10.6882374,
            35.7702836
          ],
          [
            10.6890412,
            35.7692967
          ],
          [
            10.6905331,
            35.7674885
          ],
          [
            10.6918525,
            35.765881
          ],
          [
            10.693482,
            35.7638897
          ],
          [
            10.6942953,
            35.7629811
          ],
          [
            10.6949338,
            35.7623795
          ],
          [
            10.6956092,
            35.7618619
          ],
          [
            10.6964451,
            35.761309
          ],
          [
            10.6968297,
            35.7611012
          ],
          [
            10.6972313,
            35.7609007
          ],
          [
            10.6976755,
            35.7606909
          ],
          [
            10.6981283,
            35.7605095
          ],
          [
            10.6986915,
            35.7603014
          ],
          [
            10.6992755,
            35.7601175
          ],
          [
            10.7010261,
            35.7596576
          ],
          [
            10.7021826,
            35.7593697
          ],
          [
            10.7042986,
            35.7588434
          ],
          [
            10.7050668,
            35.7586927
          ],
          [
            10.7055661,
            35.7586178
          ],
          [
            10.7060689,
            35.7585693
          ],
          [
            10.7066887,
            35.7585517
          ],
          [
            10.7071582,
            35.7585565
          ],
          [
            10.7076842,
            35.7585914
          ],
          [
            10.7078731,
            35.7586152
          ],
          [
            10.7083001,
            35.7586788
          ],
          [
            10.7097891,
            35.7588875
          ],
          [
            10.7104138,
            35.7589658
          ]
        ]
      },
      "id": "way/44733416"
    },
    {
      "type": "Feature",
      "properties": {
        "@id": "way/44734229",
        "electrified": "contact_line",
        "frequency": "50",
        "gauge": "1000",
        "operator": "الشركة الوطنية للسكك الحديدية التونسية",
        "operator:ar": "الشركة الوطنية للسكك الحديدية التونسية",
        "operator:website": "http://www.sncft.com.tn/Ar/",
        "operator:wikidata": "Q2297197",
        "operator:wikipedia": "ar:الشركة الوطنية للسكك الحديدية التونسية",
        "operator:wikipedia:ar": "الشركة الوطنية للسكك الحديدية التونسية",
        "passenger_lines": "2",
        "railway": "rail",
        "usage": "main",
        "voltage": "25000"
      },
      "geometry": {
        "type": "LineString",
        "coordinates": [
          [
            10.7106817,
            35.7589866
          ],
          [
            10.7111908,
            35.7589966
          ],
          [
            10.7116371,
            35.7589827
          ],
          [
            10.7121428,
            35.7589232
          ],
          [
            10.712813,
            35.7587921
          ],
          [
            10.7132645,
            35.7586676
          ],
          [
            10.7136793,
            35.7585396
          ],
          [
            10.7182785,
            35.7570996
          ],
          [
            10.7194725,
            35.7567257
          ],
          [
            10.721013,
            35.7562423
          ],
          [
            10.7217271,
            35.7560453
          ],
          [
            10.722426,
            35.7558971
          ],
          [
            10.7232602,
            35.7557744
          ],
          [
            10.7251211,
            35.7555698
          ],
          [
            10.7273613,
            35.755326
          ],
          [
            10.7305593,
            35.7549958
          ],
          [
            10.7312014,
            35.7549754
          ],
          [
            10.7316394,
            35.7549917
          ],
          [
            10.7320342,
            35.7550294
          ],
          [
            10.7323669,
            35.7550829
          ],
          [
            10.7327076,
            35.7551542
          ],
          [
            10.7330483,
            35.7552414
          ],
          [
            10.7334695,
            35.7553802
          ],
          [
            10.7338419,
            35.7555304
          ],
          [
            10.734404,
            35.7557934
          ],
          [
            10.7361281,
            35.7566232
          ],
          [
            10.7388091,
            35.7579155
          ],
          [
            10.7399654,
            35.7584819
          ],
          [
            10.7405673,
            35.7587565
          ],
          [
            10.7411719,
            35.7590011
          ],
          [
            10.7418145,
            35.7592334
          ],
          [
            10.7424944,
            35.7594561
          ],
          [
            10.7432387,
            35.7596645
          ],
          [
            10.7458469,
            35.7603296
          ],
          [
            10.7517756,
            35.7618498
          ],
          [
            10.7518688,
            35.7618765
          ],
          [
            10.7559331,
            35.7629894
          ],
          [
            10.7585184,
            35.7637117
          ],
          [
            10.7599769,
            35.7641229
          ],
          [
            10.7604042,
            35.764257
          ],
          [
            10.7608155,
            35.7643916
          ],
          [
            10.7612804,
            35.7645803
          ],
          [
            10.7617612,
            35.7647824
          ],
          [
            10.7626384,
            35.7651961
          ]
        ]
      },
      "id": "way/44734229"
    },
    {
      "type": "Feature",
      "properties": {
        "@id": "way/136440506",
        "gauge": "1000",
        "railway": "rail",
        "service": "spur"
      },
      "geometry": {
        "type": "LineString",
        "coordinates": [
          [
            10.6529216,
            35.7949697
          ],
          [
            10.6530436,
            35.7948953
          ],
          [
            10.6533067,
            35.7947677
          ],
          [
            10.6535639,
            35.7946322
          ],
          [
            10.6537947,
            35.7944736
          ],
          [
            10.6539583,
            35.794328
          ],
          [
            10.654152,
            35.7940882
          ],
          [
            10.654354,
            35.7937236
          ],
          [
            10.6544899,
            35.7934336
          ],
          [
            10.6548358,
            35.7926951
          ],
          [
            10.6554945,
            35.791337
          ]
        ]
      },
      "id": "way/136440506"
    },
    {
      "type": "Feature",
      "properties": {
        "@id": "way/136440509",
        "gauge": "1000",
        "railway": "rail",
        "service": "spur"
      },
      "geometry": {
        "type": "LineString",
        "coordinates": [
          [
            10.6552567,
            35.7911523
          ],
          [
            10.6546193,
            35.792502
          ],
          [
            10.6540741,
            35.7936567
          ],
          [
            10.6539199,
            35.7939753
          ],
          [
            10.6537739,
            35.7942102
          ],
          [
            10.653649,
            35.7943686
          ],
          [
            10.6534633,
            35.794559
          ],
          [
            10.6532055,
            35.7947812
          ],
          [
            10.6529216,
            35.7949697
          ],
          [
            10.6527385,
            35.7950862
          ],
          [
            10.6525863,
            35.795218
          ],
          [
            10.6524164,
            35.7954422
          ],
          [
            10.6520288,
            35.7959672
          ]
        ]
      },
      "id": "way/136440509"
    },
    {
      "type": "Feature",
      "properties": {
        "@id": "way/136440510",
        "gauge": "1000",
        "railway": "rail",
        "service": "spur"
      },
      "geometry": {
        "type": "LineString",
        "coordinates": [
          [
            10.6533067,
            35.7947677
          ],
          [
            10.6535356,
            35.7946071
          ],
          [
            10.6537474,
            35.7944337
          ],
          [
            10.6539018,
            35.794287
          ],
          [
            10.6540839,
            35.7940535
          ],
          [
            10.6542806,
            35.793706
          ],
          [
            10.6544202,
            35.7934129
          ],
          [
            10.6547714,
            35.7926757
          ],
          [
            10.6554419,
            35.7912686
          ]
        ]
      },
      "id": "way/136440510"
    },
    {
      "type": "Feature",
      "properties": {
        "@id": "way/141402357",
        "bridge": "yes",
        "electrified": "no",
        "gauge": "1000",
        "layer": "1",
        "passenger_lines": "2",
        "railway": "rail",
        "usage": "main"
      },
      "geometry": {
        "type": "LineString",
        "coordinates": [
          [
            10.592839,
            35.7524666
          ],
          [
            10.5930517,
            35.7521746
          ]
        ]
      },
      "id": "way/141402357"
    },
    {
      "type": "Feature",
      "properties": {
        "@id": "way/143264717",
        "gauge": "1000",
        "railway": "rail",
        "service": "spur",
        "usage": "branch"
      },
      "geometry": {
        "type": "LineString",
        "coordinates": [
          [
            10.5790856,
            35.7733939
          ],
          [
            10.5787792,
            35.7739918
          ]
        ]
      },
      "id": "way/143264717"
    },
    {
      "type": "Feature",
      "properties": {
        "@id": "way/143264719",
        "gauge": "1000",
        "railway": "rail",
        "service": "spur",
        "usage": "branch"
      },
      "geometry": {
        "type": "LineString",
        "coordinates": [
          [
            10.5757502,
            35.7803004
          ],
          [
            10.5759048,
            35.7796641
          ],
          [
            10.5759532,
            35.7794682
          ],
          [
            10.5761094,
            35.7790759
          ],
          [
            10.5775732,
            35.7755962
          ],
          [
            10.578191,
            35.774116
          ]
        ]
      },
      "id": "way/143264719"
    },
    {
      "type": "Feature",
      "properties": {
        "@id": "way/143264720",
        "gauge": "1000",
        "railway": "rail",
        "service": "spur",
        "usage": "branch"
      },
      "geometry": {
        "type": "LineString",
        "coordinates": [
          [
            10.5748073,
            35.7833275
          ],
          [
            10.5750192,
            35.7828234
          ],
          [
            10.575219,
            35.7823457
          ],
          [
            10.5756206,
            35.7813967
          ],
          [
            10.575675,
            35.7811153
          ],
          [
            10.5757009,
            35.7808306
          ],
          [
            10.5757502,
            35.7803004
          ],
          [
            10.5757966,
            35.7798589
          ],
          [
            10.5758119,
            35.7796266
          ],
          [
            10.5758782,
            35.7789967
          ],
          [
            10.5768836,
            35.7765494
          ],
          [
            10.5779072,
            35.7741252
          ]
        ]
      },
      "id": "way/143264720"
    },
    {
      "type": "Feature",
      "properties": {
        "@id": "way/143299574",
        "electrified": "no",
        "gauge": "1000",
        "passenger_lines": "2",
        "railway": "rail",
        "usage": "main"
      },
      "geometry": {
        "type": "LineString",
        "coordinates": [
          [
            10.5672022,
            35.8334125
          ],
          [
            10.5664115,
            35.8314856
          ],
          [
            10.5661011,
            35.8307352
          ],
          [
            10.5654638,
            35.8292407
          ],
          [
            10.5650956,
            35.8284297
          ],
          [
            10.5649231,
            35.827971
          ],
          [
            10.5648568,
            35.827623
          ],
          [
            10.564796,
            35.8272421
          ],
          [
            10.5647792,
            35.826828
          ],
          [
            10.5648171,
            35.8263759
          ],
          [
            10.5649095,
            35.8259266
          ],
          [
            10.5650361,
            35.8255232
          ],
          [
            10.5652529,
            35.8250779
          ],
          [
            10.5654702,
            35.8247383
          ],
          [
            10.5656913,
            35.8243877
          ],
          [
            10.5658305,
            35.8242293
          ],
          [
            10.5659629,
            35.8240867
          ],
          [
            10.5661316,
            35.8239242
          ],
          [
            10.5663473,
            35.823735
          ],
          [
            10.5665759,
            35.8235545
          ],
          [
            10.5668312,
            35.8233775
          ],
          [
            10.567191,
            35.8231523
          ],
          [
            10.5674161,
            35.8230147
          ],
          [
            10.5676954,
            35.8228641
          ],
          [
            10.567911,
            35.822765
          ],
          [
            10.5681562,
            35.8226759
          ],
          [
            10.5684474,
            35.8225742
          ]
        ]
      },
      "id": "way/143299574"
    },
    {
      "type": "Feature",
      "properties": {
        "@id": "way/143299575",
        "gauge": "1000",
        "railway": "rail",
        "service": "spur",
        "usage": "branch"
      },
      "geometry": {
        "type": "LineString",
        "coordinates": [
          [
            10.5754096,
            35.7821708
          ],
          [
            10.5756206,
            35.7813967
          ]
        ]
      },
      "id": "way/143299575"
    },
    {
      "type": "Feature",
      "properties": {
        "@id": "way/143299576",
        "gauge": "1000",
        "railway": "rail",
        "service": "spur",
        "usage": "branch"
      },
      "geometry": {
        "type": "LineString",
        "coordinates": [
          [
            10.5791093,
            35.7734965
          ],
          [
            10.5787792,
            35.7739918
          ],
          [
            10.5785879,
            35.7743012
          ]
        ]
      },
      "id": "way/143299576"
    },
    {
      "type": "Feature",
      "properties": {
        "@id": "way/189773107",
        "gauge": "1000",
        "railway": "rail",
        "usage": "main"
      },
      "geometry": {
        "type": "LineString",
        "coordinates": [
          [
            10.6101349,
            35.748072
          ],
          [
            10.6106696,
            35.748984
          ],
          [
            10.6108217,
            35.749228
          ],
          [
            10.611029,
            35.7495379
          ],
          [
            10.6113034,
            35.749834
          ],
          [
            10.6115862,
            35.7501016
          ],
          [
            10.6119469,
            35.7504137
          ],
          [
            10.6123035,
            35.7506652
          ],
          [
            10.6127479,
            35.7509162
          ],
          [
            10.6132688,
            35.7511757
          ],
          [
            10.6163462,
            35.7525814
          ]
        ]
      },
      "id": "way/189773107"
    },
    {
      "type": "Feature",
      "properties": {
        "@id": "way/189773108",
        "gauge": "1000",
        "railway": "rail",
        "service": "spur"
      },
      "geometry": {
        "type": "LineString",
        "coordinates": [
          [
            10.6532055,
            35.7947812
          ],
          [
            10.6534917,
            35.7945841
          ],
          [
            10.6536955,
            35.7944021
          ],
          [
            10.6538435,
            35.794252
          ],
          [
            10.6540087,
            35.794026
          ],
          [
            10.6541959,
            35.7936803
          ],
          [
            10.6543351,
            35.7933878
          ],
          [
            10.6546865,
            35.7926499
          ],
          [
            10.6550477,
            35.7918911
          ],
          [
            10.6553657,
            35.7912232
          ]
        ]
      },
      "id": "way/189773108"
    },
    {
      "type": "Feature",
      "properties": {
        "@id": "way/189773111",
        "electrified": "contact_line",
        "frequency": "50",
        "gauge": "1000",
        "passenger_lines": "2",
        "railway": "rail",
        "usage": "main",
        "voltage": "25000"
      },
      "geometry": {
        "type": "LineString",
        "coordinates": [
          [
            10.8062727,
            35.7243004
          ],
          [
            10.8060229,
            35.7237898
          ],
          [
            10.8058093,
            35.7232226
          ],
          [
            10.8056839,
            35.7228673
          ],
          [
            10.8055766,
            35.7224736
          ],
          [
            10.8054849,
            35.7220238
          ],
          [
            10.8054137,
            35.7215775
          ],
          [
            10.8053843,
            35.7210831
          ],
          [
            10.8053791,
            35.7205879
          ],
          [
            10.80541,
            35.7200598
          ],
          [
            10.8054708,
            35.7195539
          ],
          [
            10.8055925,
            35.7189467
          ],
          [
            10.8057771,
            35.7183223
          ],
          [
            10.8059786,
            35.7178105
          ],
          [
            10.8061971,
            35.7173522
          ],
          [
            10.8064977,
            35.7167948
          ],
          [
            10.8068323,
            35.7162724
          ],
          [
            10.8109297,
            35.7109425
          ],
          [
            10.8114081,
            35.7103426
          ],
          [
            10.81297,
            35.7083381
          ],
          [
            10.814402,
            35.7065537
          ],
          [
            10.8148729,
            35.7060489
          ],
          [
            10.8153765,
            35.7055476
          ],
          [
            10.816668,
            35.7043721
          ],
          [
            10.8173468,
            35.7037757
          ],
          [
            10.8206575,
            35.7008091
          ],
          [
            10.8217567,
            35.6998405
          ],
          [
            10.8223196,
            35.6993163
          ],
          [
            10.8234197,
            35.6982223
          ],
          [
            10.8238634,
            35.6977383
          ],
          [
            10.8243029,
            35.6972495
          ],
          [
            10.8248419,
            35.6966475
          ],
          [
            10.8253699,
            35.6960482
          ],
          [
            10.8262574,
            35.6950741
          ],
          [
            10.8271145,
            35.6941193
          ],
          [
            10.828849,
            35.6921959
          ],
          [
            10.8292847,
            35.6917097
          ],
          [
            10.8297187,
            35.691229
          ],
          [
            10.8303639,
            35.6905044
          ],
          [
            10.8336309,
            35.6868806
          ],
          [
            10.8349734,
            35.6853719
          ],
          [
            10.8365518,
            35.6836372
          ],
          [
            10.8377645,
            35.6823653
          ],
          [
            10.8380998,
            35.6820253
          ],
          [
            10.8384281,
            35.6817237
          ],
          [
            10.838804,
            35.6814407
          ],
          [
            10.8392288,
            35.6811868
          ],
          [
            10.8396154,
            35.680968
          ],
          [
            10.8400414,
            35.6807918
          ],
          [
            10.8406647,
            35.6805789
          ]
        ]
      },
      "id": "way/189773111"
    },
    {
      "type": "Feature",
      "properties": {
        "@id": "way/189773112",
        "electrified": "no",
        "gauge": "1000",
        "passenger_lines": "2",
        "railway": "rail",
        "usage": "main"
      },
      "geometry": {
        "type": "LineString",
        "coordinates": [
          [
            10.5989418,
            35.7277206
          ],
          [
            10.5992883,
            35.7281437
          ],
          [
            10.5997452,
            35.728623
          ],
          [
            10.6010832,
            35.7299942
          ],
          [
            10.6017748,
            35.730702
          ],
          [
            10.6023966,
            35.731329
          ],
          [
            10.6026268,
            35.7315635
          ],
          [
            10.6029387,
            35.7318812
          ],
          [
            10.6032625,
            35.7322432
          ],
          [
            10.6041548,
            35.7331557
          ],
          [
            10.6043604,
            35.7334222
          ],
          [
            10.604594,
            35.7337728
          ],
          [
            10.6048185,
            35.7342061
          ],
          [
            10.6049615,
            35.7345805
          ],
          [
            10.6050801,
            35.7350026
          ],
          [
            10.6051458,
            35.7354294
          ],
          [
            10.6051687,
            35.7358032
          ],
          [
            10.6051483,
            35.7361653
          ],
          [
            10.605086,
            35.7366522
          ],
          [
            10.6049727,
            35.7374769
          ],
          [
            10.6048694,
            35.737981
          ],
          [
            10.6047784,
            35.7383294
          ],
          [
            10.6045834,
            35.7387941
          ],
          [
            10.6043174,
            35.7392495
          ],
          [
            10.604044,
            35.7395545
          ],
          [
            10.600891,
            35.7425575
          ],
          [
            10.6001448,
            35.7432882
          ],
          [
            10.5994233,
            35.7440388
          ],
          [
            10.5985997,
            35.7449676
          ],
          [
            10.5978089,
            35.745993
          ],
          [
            10.5964987,
            35.7477023
          ],
          [
            10.5948547,
            35.7498473
          ],
          [
            10.5930517,
            35.7521746
          ]
        ]
      },
      "id": "way/189773112"
    },
    {
      "type": "Feature",
      "properties": {
        "@id": "way/189773113",
        "gauge": "1000",
        "railway": "rail",
        "service": "siding"
      },
      "geometry": {
        "type": "LineString",
        "coordinates": [
          [
            10.6673437,
            35.7819962
          ],
          [
            10.6677166,
            35.7820525
          ]
        ]
      },
      "id": "way/189773113"
    },
    {
      "type": "Feature",
      "properties": {
        "@id": "way/189773117",
        "gauge": "1000",
        "railway": "rail",
        "service": "siding"
      },
      "geometry": {
        "type": "LineString",
        "coordinates": [
          [
            10.6524938,
            35.7949017
          ],
          [
            10.6522213,
            35.795337
          ]
        ]
      },
      "id": "way/189773117"
    },
    {
      "type": "Feature",
      "properties": {
        "@id": "way/189773118",
        "gauge": "1000",
        "railway": "rail",
        "service": "siding"
      },
      "geometry": {
        "type": "LineString",
        "coordinates": [
          [
            10.6520295,
            35.7957366
          ],
          [
            10.6517845,
            35.7961476
          ]
        ]
      },
      "id": "way/189773118"
    },
    {
      "type": "Feature",
      "properties": {
        "@id": "way/189773119",
        "gauge": "1000",
        "railway": "rail",
        "service": "spur"
      },
      "geometry": {
        "type": "LineString",
        "coordinates": [
          [
            10.6550477,
            35.7918911
          ],
          [
            10.6546193,
            35.792502
          ]
        ]
      },
      "id": "way/189773119"
    },
    {
      "type": "Feature",
      "properties": {
        "@id": "way/189773120",
        "gauge": "1000",
        "railway": "rail",
        "service": "yard",
        "usage": "branch"
      },
      "geometry": {
        "type": "LineString",
        "coordinates": [
          [
            10.6016559,
            35.7303933
          ],
          [
            10.6018113,
            35.7305825
          ],
          [
            10.6020055,
            35.7308528
          ],
          [
            10.6021665,
            35.7310483
          ]
        ]
      },
      "id": "way/189773120"
    },
    {
      "type": "Feature",
      "properties": {
        "@id": "way/189773121",
        "bridge": "yes",
        "gauge": "1000",
        "railway": "rail",
        "usage": "main"
      },
      "geometry": {
        "type": "LineString",
        "coordinates": [
          [
            10.6100234,
            35.7478807
          ],
          [
            10.6101349,
            35.748072
          ]
        ]
      },
      "id": "way/189773121"
    },
    {
      "type": "Feature",
      "properties": {
        "@id": "way/189773122",
        "gauge": "1000",
        "railway": "rail",
        "service": "siding",
        "usage": "branch"
      },
      "geometry": {
        "type": "LineString",
        "coordinates": [
          [
            10.6483915,
            35.8034579
          ],
          [
            10.6478642,
            35.8043302
          ]
        ]
      },
      "id": "way/189773122"
    },
    {
      "type": "Feature",
      "properties": {
        "@id": "way/189773123",
        "bridge": "yes",
        "electrified": "contact_line",
        "frequency": "50",
        "gauge": "1000",
        "layer": "1",
        "passenger_lines": "2",
        "railway": "rail",
        "usage": "main",
        "voltage": "25000"
      },
      "geometry": {
        "type": "LineString",
        "coordinates": [
          [
            10.8064046,
            35.7245452
          ],
          [
            10.8062727,
            35.7243004
          ]
        ]
      },
      "id": "way/189773123"
    },
    {
      "type": "Feature",
      "properties": {
        "@id": "way/189773124",
        "gauge": "1000",
        "railway": "rail",
        "service": "siding",
        "usage": "branch"
      },
      "geometry": {
        "type": "LineString",
        "coordinates": [
          [
            10.6490139,
            35.8019301
          ],
          [
            10.6488032,
            35.8024836
          ],
          [
            10.6485938,
            35.803049
          ]
        ]
      },
      "id": "way/189773124"
    },
    {
      "type": "Feature",
      "properties": {
        "@id": "way/189773126",
        "gauge": "1000",
        "railway": "rail",
        "service": "siding",
        "usage": "main"
      },
      "geometry": {
        "type": "LineString",
        "coordinates": [
          [
            10.6392883,
            35.8298523
          ],
          [
            10.6390113,
            35.8300104
          ],
          [
            10.6368024,
            35.8313008
          ],
          [
            10.6366176,
            35.8314046
          ],
          [
            10.6364535,
            35.8315317
          ]
        ]
      },
      "id": "way/189773126"
    },
    {
      "type": "Feature",
      "properties": {
        "@id": "way/189773127",
        "gauge": "1000",
        "railway": "rail",
        "service": "yard"
      },
      "geometry": {
        "type": "LineString",
        "coordinates": [
          [
            10.6388889,
            35.8299847
          ],
          [
            10.6373452,
            35.8308961
          ],
          [
            10.6369795,
            35.8311145
          ]
        ]
      },
      "id": "way/189773127"
    },
    {
      "type": "Feature",
      "properties": {
        "@id": "way/189773128",
        "bridge": "yes",
        "electrified": "contact_line",
        "frequency": "50",
        "gauge": "1000",
        "passenger_lines": "2",
        "railway": "rail",
        "usage": "main",
        "voltage": "25000"
      },
      "geometry": {
        "type": "LineString",
        "coordinates": [
          [
            10.7103774,
            35.7589929
          ],
          [
            10.7106617,
            35.7590156
          ]
        ]
      },
      "id": "way/189773128"
    },
    {
      "type": "Feature",
      "properties": {
        "@id": "way/189773129",
        "bridge": "yes",
        "electrified": "contact_line",
        "frequency": "50",
        "gauge": "1000",
        "operator": "الشركة الوطنية للسكك الحديدية التونسية",
        "operator:ar": "الشركة الوطنية للسكك الحديدية التونسية",
        "operator:website": "http://www.sncft.com.tn/Ar/",
        "operator:wikidata": "Q2297197",
        "operator:wikipedia": "ar:الشركة الوطنية للسكك الحديدية التونسية",
        "operator:wikipedia:ar": "الشركة الوطنية للسكك الحديدية التونسية",
        "passenger_lines": "2",
        "railway": "rail",
        "usage": "main",
        "voltage": "25000"
      },
      "geometry": {
        "type": "LineString",
        "coordinates": [
          [
            10.7626249,
            35.7652288
          ],
          [
            10.7627228,
            35.765278
          ]
        ]
      },
      "id": "way/189773129"
    },
    {
      "type": "Feature",
      "properties": {
        "@id": "way/189773132",
        "gauge": "1000",
        "railway": "rail",
        "service": "siding",
        "usage": "branch"
      },
      "geometry": {
        "type": "LineString",
        "coordinates": [
          [
            10.8415868,
            35.6803154
          ],
          [
            10.8419705,
            35.6802348
          ]
        ]
      },
      "id": "way/189773132"
    },
    {
      "type": "Feature",
      "properties": {
        "@id": "way/189773133",
        "bridge": "yes",
        "electrified": "contact_line",
        "frequency": "50",
        "gauge": "1000",
        "layer": "1",
        "passenger_lines": "2",
        "railway": "rail",
        "usage": "main",
        "voltage": "25000"
      },
      "geometry": {
        "type": "LineString",
        "coordinates": [
          [
            10.6783609,
            35.7789808
          ],
          [
            10.6790296,
            35.7783078
          ]
        ]
      },
      "id": "way/189773133"
    },
    {
      "type": "Feature",
      "properties": {
        "@id": "way/189773139",
        "gauge": "1000",
        "railway": "rail",
        "service": "siding",
        "usage": "branch"
      },
      "geometry": {
        "type": "LineString",
        "coordinates": [
          [
            10.8427581,
            35.6800628
          ],
          [
            10.8420831,
            35.6802076
          ]
        ]
      },
      "id": "way/189773139"
    },
    {
      "type": "Feature",
      "properties": {
        "@id": "way/189773141",
        "electrified": "no",
        "gauge": "1000",
        "passenger_lines": "1",
        "railway": "rail",
        "usage": "main"
      },
      "geometry": {
        "type": "LineString",
        "coordinates": [
          [
            10.6470224,
            35.7826602
          ],
          [
            10.6472877,
            35.7830273
          ],
          [
            10.6475445,
            35.7833615
          ],
          [
            10.6478373,
            35.7836907
          ],
          [
            10.6480556,
            35.7839107
          ],
          [
            10.6482778,
            35.7840884
          ],
          [
            10.6486003,
            35.7842953
          ],
          [
            10.6489645,
            35.7844779
          ],
          [
            10.649373,
            35.7846258
          ],
          [
            10.6497779,
            35.7847235
          ],
          [
            10.6502047,
            35.7847827
          ],
          [
            10.6507008,
            35.7847856
          ],
          [
            10.6512115,
            35.7847205
          ],
          [
            10.6518316,
            35.7845844
          ],
          [
            10.6588317,
            35.782874
          ],
          [
            10.662443,
            35.7819921
          ],
          [
            10.6631215,
            35.781853
          ],
          [
            10.6638657,
            35.7817524
          ],
          [
            10.6645442,
            35.7817199
          ],
          [
            10.665281,
            35.7817465
          ],
          [
            10.6660069,
            35.7818235
          ],
          [
            10.6669045,
            35.7819636
          ]
        ]
      },
      "id": "way/189773141"
    },
    {
      "type": "Feature",
      "properties": {
        "@id": "way/189773145",
        "gauge": "1000",
        "railway": "rail",
        "service": "yard"
      },
      "geometry": {
        "type": "LineString",
        "coordinates": [
          [
            10.639685,
            35.8293619
          ],
          [
            10.6394658,
            35.8295146
          ],
          [
            10.6380858,
            35.8303197
          ]
        ]
      },
      "id": "way/189773145"
    },
    {
      "type": "Feature",
      "properties": {
        "@id": "way/189773146",
        "gauge": "1000",
        "railway": "rail",
        "service": "siding"
      },
      "geometry": {
        "type": "LineString",
        "coordinates": [
          [
            10.6390293,
            35.8300311
          ],
          [
            10.6385854,
            35.8303667
          ]
        ]
      },
      "id": "way/189773146"
    },
    {
      "type": "Feature",
      "properties": {
        "@id": "way/189773147",
        "gauge": "1000",
        "railway": "rail",
        "service": "yard"
      },
      "geometry": {
        "type": "LineString",
        "coordinates": [
          [
            10.6397444,
            35.8294184
          ],
          [
            10.63952,
            35.8295669
          ],
          [
            10.6371839,
            35.8309477
          ]
        ]
      },
      "id": "way/189773147"
    },
    {
      "type": "Feature",
      "properties": {
        "@id": "way/189773148",
        "gauge": "1000",
        "railway": "rail",
        "service": "siding"
      },
      "geometry": {
        "type": "LineString",
        "coordinates": [
          [
            10.6390113,
            35.8300104
          ],
          [
            10.6387674,
            35.8301102
          ],
          [
            10.6367955,
            35.8312647
          ]
        ]
      },
      "id": "way/189773148"
    },
    {
      "type": "Feature",
      "properties": {
        "@id": "way/189773150",
        "gauge": "1000",
        "railway": "rail",
        "service": "yard"
      },
      "geometry": {
        "type": "LineString",
        "coordinates": [
          [
            10.6399507,
            35.8295397
          ],
          [
            10.6395587,
            35.8298178
          ],
          [
            10.6392852,
            35.829983
          ],
          [
            10.6390289,
            35.8300998
          ]
        ]
      },
      "id": "way/189773150"
    },
    {
      "type": "Feature",
      "properties": {
        "@id": "way/189773151",
        "gauge": "1000",
        "railway": "rail",
        "service": "yard"
      },
      "geometry": {
        "type": "LineString",
        "coordinates": [
          [
            10.6393446,
            35.8295459
          ],
          [
            10.638269,
            35.8301691
          ],
          [
            10.6380858,
            35.8303197
          ],
          [
            10.6379401,
            35.8304432
          ]
        ]
      },
      "id": "way/189773151"
    },
    {
      "type": "Feature",
      "properties": {
        "@id": "way/189773157",
        "gauge": "1000",
        "railway": "rail",
        "service": "yard"
      },
      "geometry": {
        "type": "LineString",
        "coordinates": [
          [
            10.6397083,
            35.8293912
          ],
          [
            10.6394916,
            35.8295418
          ],
          [
            10.6389892,
            35.8298337
          ],
          [
            10.6379401,
            35.8304432
          ],
          [
            10.6374461,
            35.8307338
          ]
        ]
      },
      "id": "way/189773157"
    },
    {
      "type": "Feature",
      "properties": {
        "@id": "way/189773160",
        "electrified": "contact_line",
        "frequency": "50",
        "gauge": "1000",
        "operator": "الشركة الوطنية للسكك الحديدية التونسية",
        "operator:ar": "الشركة الوطنية للسكك الحديدية التونسية",
        "operator:website": "http://www.sncft.com.tn/Ar/",
        "operator:wikidata": "Q2297197",
        "operator:wikipedia": "ar:الشركة الوطنية للسكك الحديدية التونسية",
        "operator:wikipedia:ar": "الشركة الوطنية للسكك الحديدية التونسية",
        "passenger_lines": "2",
        "railway": "rail",
        "usage": "main",
        "voltage": "25000"
      },
      "geometry": {
        "type": "LineString",
        "coordinates": [
          [
            10.6790296,
            35.7783078
          ],
          [
            10.6797147,
            35.7775705
          ],
          [
            10.6805722,
            35.7767084
          ],
          [
            10.6813785,
            35.776009
          ],
          [
            10.6823105,
            35.7752811
          ],
          [
            10.6832636,
            35.7746289
          ],
          [
            10.684417,
            35.7738783
          ],
          [
            10.6849227,
            35.773538
          ],
          [
            10.6853771,
            35.7732072
          ],
          [
            10.6857173,
            35.7729406
          ],
          [
            10.6860621,
            35.7726608
          ],
          [
            10.6867123,
            35.7720653
          ],
          [
            10.6873787,
            35.7713846
          ],
          [
            10.6882945,
            35.7703164
          ],
          [
            10.6890984,
            35.7693352
          ],
          [
            10.690592,
            35.767522
          ],
          [
            10.6919063,
            35.7659187
          ],
          [
            10.6935419,
            35.7639222
          ],
          [
            10.6943526,
            35.7630077
          ],
          [
            10.6949721,
            35.7624221
          ],
          [
            10.6956315,
            35.7618758
          ],
          [
            10.6964778,
            35.7613338
          ],
          [
            10.6968507,
            35.7611239
          ],
          [
            10.6972538,
            35.7609254
          ],
          [
            10.6976988,
            35.7607174
          ],
          [
            10.6981486,
            35.760534
          ],
          [
            10.6987078,
            35.7603297
          ],
          [
            10.6992927,
            35.7601444
          ],
          [
            10.7010357,
            35.7596793
          ],
          [
            10.7021565,
            35.7594049
          ],
          [
            10.7043236,
            35.7588719
          ],
          [
            10.7050669,
            35.7587263
          ],
          [
            10.7055656,
            35.7586468
          ],
          [
            10.7060642,
            35.7585996
          ],
          [
            10.7066864,
            35.7585788
          ],
          [
            10.7071524,
            35.7585844
          ],
          [
            10.7076091,
            35.7586182
          ],
          [
            10.7078008,
            35.7586383
          ],
          [
            10.7082965,
            35.7587055
          ],
          [
            10.7097832,
            35.7589154
          ],
          [
            10.7103774,
            35.7589929
          ]
        ]
      },
      "id": "way/189773160"
    },
    {
      "type": "Feature",
      "properties": {
        "@id": "way/189773161",
        "electrified": "contact_line",
        "frequency": "50",
        "gauge": "1000",
        "operator": "الشركة الوطنية للسكك الحديدية التونسية",
        "operator:ar": "الشركة الوطنية للسكك الحديدية التونسية",
        "operator:website": "http://www.sncft.com.tn/Ar/",
        "operator:wikidata": "Q2297197",
        "operator:wikipedia": "ar:الشركة الوطنية للسكك الحديدية التونسية",
        "operator:wikipedia:ar": "الشركة الوطنية للسكك الحديدية التونسية",
        "passenger_lines": "2",
        "railway": "rail",
        "usage": "main",
        "voltage": "25000"
      },
      "geometry": {
        "type": "LineString",
        "coordinates": [
          [
            10.7106617,
            35.7590156
          ],
          [
            10.7111883,
            35.7590212
          ],
          [
            10.7116264,
            35.7590118
          ],
          [
            10.7121577,
            35.758957
          ],
          [
            10.7128241,
            35.7588227
          ],
          [
            10.7132738,
            35.7587017
          ],
          [
            10.7137003,
            35.7585712
          ],
          [
            10.7182931,
            35.7571341
          ],
          [
            10.7195,
            35.7567556
          ],
          [
            10.721031,
            35.7562775
          ],
          [
            10.7217417,
            35.7560789
          ],
          [
            10.7224338,
            35.7559277
          ],
          [
            10.7232727,
            35.7558047
          ],
          [
            10.7251205,
            35.7555948
          ],
          [
            10.7273715,
            35.7553509
          ],
          [
            10.7306506,
            35.7550167
          ],
          [
            10.7311976,
            35.755003
          ],
          [
            10.7316311,
            35.7550162
          ],
          [
            10.7320249,
            35.7550616
          ],
          [
            10.7323558,
            35.7551126
          ],
          [
            10.7326913,
            35.7551845
          ],
          [
            10.7330338,
            35.7552753
          ],
          [
            10.7334603,
            35.7554133
          ],
          [
            10.7338284,
            35.755557
          ],
          [
            10.7343877,
            35.7558123
          ],
          [
            10.7361097,
            35.75665
          ],
          [
            10.7387894,
            35.7579415
          ],
          [
            10.7399498,
            35.7585031
          ],
          [
            10.7405534,
            35.7587811
          ],
          [
            10.7411499,
            35.7590212
          ],
          [
            10.7418023,
            35.7592633
          ],
          [
            10.7424851,
            35.7594788
          ],
          [
            10.7432238,
            35.7596887
          ],
          [
            10.7458359,
            35.7603676
          ],
          [
            10.7517637,
            35.7618892
          ],
          [
            10.7518543,
            35.761914
          ],
          [
            10.755921,
            35.7630185
          ],
          [
            10.7585075,
            35.7637408
          ],
          [
            10.7599708,
            35.7641549
          ],
          [
            10.7603856,
            35.7642816
          ],
          [
            10.7607957,
            35.7644272
          ],
          [
            10.7612641,
            35.7646068
          ],
          [
            10.7617371,
            35.7648091
          ],
          [
            10.7626249,
            35.7652288
          ]
        ]
      },
      "id": "way/189773161"
    },
    {
      "type": "Feature",
      "properties": {
        "@id": "way/189773163",
        "gauge": "1000",
        "railway": "rail",
        "service": "siding",
        "usage": "branch"
      },
      "geometry": {
        "type": "LineString",
        "coordinates": [
          [
            10.8449183,
            35.6793615
          ],
          [
            10.8444016,
            35.6795416
          ],
          [
            10.8436739,
            35.679813
          ],
          [
            10.8427581,
            35.6800628
          ]
        ]
      },
      "id": "way/189773163"
    },
    {
      "type": "Feature",
      "properties": {
        "@id": "way/189773167",
        "electrified": "contact_line",
        "frequency": "50",
        "gauge": "1000",
        "passenger_lines": "2",
        "railway": "rail",
        "usage": "main",
        "voltage": "25000"
      },
      "geometry": {
        "type": "LineString",
        "coordinates": [
          [
            10.6487301,
            35.8027551
          ],
          [
            10.6489862,
            35.8023317
          ],
          [
            10.6495192,
            35.8012187
          ],
          [
            10.6501533,
            35.7998947
          ],
          [
            10.6504903,
            35.7992084
          ],
          [
            10.6506323,
            35.7989068
          ],
          [
            10.6514908,
            35.7970937
          ],
          [
            10.6518346,
            35.7963747
          ],
          [
            10.6519444,
            35.7961442
          ],
          [
            10.6520288,
            35.7959672
          ],
          [
            10.6536199,
            35.792651
          ],
          [
            10.6543145,
            35.7912118
          ],
          [
            10.6549641,
            35.7899092
          ],
          [
            10.6564501,
            35.7868219
          ],
          [
            10.6567204,
            35.7862945
          ],
          [
            10.6569884,
            35.7858295
          ],
          [
            10.6573402,
            35.7853116
          ],
          [
            10.657776,
            35.7847899
          ],
          [
            10.6582071,
            35.7843589
          ],
          [
            10.6585869,
            35.7840186
          ],
          [
            10.6590063,
            35.7836954
          ],
          [
            10.6594048,
            35.7834232
          ],
          [
            10.6598265,
            35.7831736
          ],
          [
            10.660239,
            35.7829544
          ],
          [
            10.6606608,
            35.7827559
          ],
          [
            10.6612456,
            35.7825215
          ],
          [
            10.661714,
            35.7823589
          ],
          [
            10.6621987,
            35.7822171
          ],
          [
            10.662702,
            35.7821075
          ],
          [
            10.6633335,
            35.7819997
          ],
          [
            10.6638881,
            35.7819317
          ],
          [
            10.6644496,
            35.7818863
          ],
          [
            10.6648807,
            35.7818769
          ],
          [
            10.6653188,
            35.7818844
          ],
          [
            10.6658524,
            35.7819109
          ],
          [
            10.6669033,
            35.7819884
          ],
          [
            10.6677166,
            35.7820525
          ],
          [
            10.6700258,
            35.7822341
          ],
          [
            10.6704848,
            35.7822606
          ],
          [
            10.6710021,
            35.7822606
          ],
          [
            10.6714099,
            35.7822436
          ],
          [
            10.671841,
            35.7822133
          ],
          [
            10.6723234,
            35.7821585
          ],
          [
            10.6728383,
            35.7820735
          ],
          [
            10.6733277,
            35.7819714
          ],
          [
            10.6737541,
            35.7818598
          ],
          [
            10.6741875,
            35.7817294
          ],
          [
            10.674593,
            35.781582
          ],
          [
            10.6751009,
            35.7813759
          ],
          [
            10.6755087,
            35.781185
          ],
          [
            10.6759142,
            35.780977
          ],
          [
            10.6763033,
            35.7807464
          ],
          [
            10.6766645,
            35.7804988
          ],
          [
            10.6770769,
            35.7801925
          ],
          [
            10.6774544,
            35.7798806
          ],
          [
            10.6780486,
            35.7793078
          ],
          [
            10.6783609,
            35.7789808
          ]
        ]
      },
      "id": "way/189773167"
    },
    {
      "type": "Feature",
      "properties": {
        "@id": "way/189773168",
        "electrified": "contact_line",
        "frequency": "50",
        "gauge": "1000",
        "passenger_lines": "2",
        "railway": "rail",
        "usage": "main",
        "voltage": "25000"
      },
      "geometry": {
        "type": "LineString",
        "coordinates": [
          [
            10.8107603,
            35.7570363
          ],
          [
            10.8122907,
            35.7559122
          ],
          [
            10.8149609,
            35.7539712
          ],
          [
            10.8175613,
            35.7520754
          ],
          [
            10.8189961,
            35.7510293
          ],
          [
            10.8193874,
            35.7506981
          ],
          [
            10.8197981,
            35.7503262
          ],
          [
            10.8202868,
            35.7497241
          ],
          [
            10.8205761,
            35.7493793
          ],
          [
            10.8208239,
            35.7490091
          ],
          [
            10.8210724,
            35.7485754
          ],
          [
            10.8212681,
            35.748144
          ],
          [
            10.821464,
            35.7476313
          ],
          [
            10.8216075,
            35.7471122
          ],
          [
            10.8217074,
            35.7466246
          ],
          [
            10.8217487,
            35.7461346
          ],
          [
            10.8217506,
            35.7460604
          ],
          [
            10.8217608,
            35.7456572
          ],
          [
            10.8217316,
            35.74517
          ],
          [
            10.8216912,
            35.7448463
          ],
          [
            10.8216253,
            35.7445208
          ],
          [
            10.8214868,
            35.7439622
          ],
          [
            10.8213448,
            35.7433899
          ],
          [
            10.8210479,
            35.7423927
          ],
          [
            10.8202798,
            35.7398129
          ],
          [
            10.8198265,
            35.7383048
          ],
          [
            10.8196031,
            35.7377949
          ],
          [
            10.8194175,
            35.7373789
          ],
          [
            10.8191922,
            35.7369412
          ],
          [
            10.818953,
            35.7365438
          ],
          [
            10.81877,
            35.7362689
          ],
          [
            10.8185259,
            35.735941
          ],
          [
            10.8181105,
            35.7354227
          ],
          [
            10.8177154,
            35.7350154
          ],
          [
            10.8172115,
            35.7345642
          ],
          [
            10.812651,
            35.7306367
          ],
          [
            10.8087066,
            35.7272453
          ],
          [
            10.8081703,
            35.7267487
          ],
          [
            10.8077534,
            35.7263422
          ],
          [
            10.8074969,
            35.7260787
          ],
          [
            10.8072519,
            35.7257867
          ],
          [
            10.8068583,
            35.7252617
          ],
          [
            10.8066124,
            35.7249085
          ],
          [
            10.8064046,
            35.7245452
          ]
        ]
      },
      "id": "way/189773168"
    },
    {
      "type": "Feature",
      "properties": {
        "@id": "way/189773174",
        "gauge": "1000",
        "railway": "rail",
        "service": "yard"
      },
      "geometry": {
        "type": "LineString",
        "coordinates": [
          [
            10.6374461,
            35.8307338
          ],
          [
            10.6371839,
            35.8309477
          ],
          [
            10.6369795,
            35.8311145
          ],
          [
            10.6369255,
            35.8311586
          ],
          [
            10.6367955,
            35.8312647
          ],
          [
            10.6366176,
            35.8314046
          ]
        ]
      },
      "id": "way/189773174"
    },
    {
      "type": "Feature",
      "properties": {
        "@id": "way/189773176",
        "gauge": "1000",
        "railway": "rail",
        "service": "spur"
      },
      "geometry": {
        "type": "LineString",
        "coordinates": [
          [
            10.654354,
            35.7937236
          ],
          [
            10.6542164,
            35.794113
          ],
          [
            10.6540824,
            35.7943414
          ],
          [
            10.653907,
            35.7945736
          ],
          [
            10.6537238,
            35.7947368
          ],
          [
            10.6534891,
            35.7949042
          ],
          [
            10.6531987,
            35.7950838
          ]
        ]
      },
      "id": "way/189773176"
    },
    {
      "type": "Feature",
      "properties": {
        "@id": "way/189773178",
        "gauge": "1000",
        "railway": "rail",
        "service": "yard"
      },
      "geometry": {
        "type": "LineString",
        "coordinates": [
          [
            10.6015145,
            35.7302357
          ],
          [
            10.6012399,
            35.7299012
          ],
          [
            10.5998924,
            35.7285237
          ],
          [
            10.5993688,
            35.7279801
          ],
          [
            10.599215,
            35.7278537
          ],
          [
            10.599058,
            35.7277216
          ],
          [
            10.598798,
            35.7274513
          ]
        ]
      },
      "id": "way/189773178"
    },
    {
      "type": "Feature",
      "properties": {
        "@id": "way/189773180",
        "gauge": "1000",
        "railway": "rail",
        "service": "siding",
        "usage": "main"
      },
      "geometry": {
        "type": "LineString",
        "coordinates": [
          [
            10.6385854,
            35.8303667
          ],
          [
            10.6371542,
            35.831206
          ],
          [
            10.6367626,
            35.8314301
          ],
          [
            10.6362785,
            35.8316717
          ],
          [
            10.6359399,
            35.8318355
          ]
        ]
      },
      "id": "way/189773180"
    },
    {
      "type": "Feature",
      "properties": {
        "@id": "way/189773182",
        "electrified": "no",
        "gauge": "1000",
        "passenger_lines": "2",
        "railway": "rail",
        "usage": "main"
      },
      "geometry": {
        "type": "LineString",
        "coordinates": [
          [
            10.605205,
            35.7366623
          ],
          [
            10.6051383,
            35.7375131
          ],
          [
            10.6050471,
            35.7379424
          ],
          [
            10.6049158,
            35.7383569
          ],
          [
            10.6046823,
            35.7388396
          ],
          [
            10.6043723,
            35.7392807
          ],
          [
            10.6040841,
            35.7395827
          ],
          [
            10.6009374,
            35.7425701
          ]
        ]
      },
      "id": "way/189773182"
    },
    {
      "type": "Feature",
      "properties": {
        "@id": "way/189873280",
        "electrified": "no",
        "gauge": "1000",
        "passenger_lines": "2",
        "railway": "rail",
        "usage": "main"
      },
      "geometry": {
        "type": "LineString",
        "coordinates": [
          [
            10.5746993,
            35.7837638
          ],
          [
            10.5752876,
            35.7824645
          ],
          [
            10.5754096,
            35.7821708
          ],
          [
            10.5758736,
            35.7810778
          ],
          [
            10.5762354,
            35.7802275
          ],
          [
            10.5765911,
            35.7793796
          ],
          [
            10.5791093,
            35.7734965
          ],
          [
            10.5793799,
            35.7728677
          ],
          [
            10.57962,
            35.7723096
          ],
          [
            10.5800281,
            35.7713753
          ],
          [
            10.5804642,
            35.7704761
          ],
          [
            10.5812281,
            35.7690485
          ],
          [
            10.5834498,
            35.7657458
          ],
          [
            10.5861977,
            35.7616383
          ],
          [
            10.5879163,
            35.7591073
          ],
          [
            10.588893,
            35.7576725
          ],
          [
            10.5899328,
            35.7561983
          ],
          [
            10.5915887,
            35.754039
          ],
          [
            10.5919398,
            35.7536215
          ],
          [
            10.592839,
            35.7524666
          ]
        ]
      },
      "id": "way/189873280"
    },
    {
      "type": "Feature",
      "properties": {
        "@id": "way/189873281",
        "bridge": "yes",
        "electrified": "no",
        "gauge": "1000",
        "layer": "1",
        "passenger_lines": "2",
        "railway": "rail",
        "usage": "main"
      },
      "geometry": {
        "type": "LineString",
        "coordinates": [
          [
            10.5930983,
            35.7521982
          ],
          [
            10.5928647,
            35.7524919
          ]
        ]
      },
      "id": "way/189873281"
    },
    {
      "type": "Feature",
      "properties": {
        "@id": "way/189873282",
        "bridge": "yes",
        "electrified": "no",
        "gauge": "1000",
        "layer": "1",
        "passenger_lines": "2",
        "railway": "rail",
        "usage": "main"
      },
      "geometry": {
        "type": "LineString",
        "coordinates": [
          [
            10.5745829,
            35.7840179
          ],
          [
            10.5746993,
            35.7837638
          ]
        ]
      },
      "id": "way/189873282"
    },
    {
      "type": "Feature",
      "properties": {
        "@id": "way/189873283",
        "gauge": "1000",
        "railway": "rail",
        "service": "siding",
        "usage": "branch"
      },
      "geometry": {
        "type": "LineString",
        "coordinates": [
          [
            10.5752876,
            35.7824645
          ],
          [
            10.5750709,
            35.7830941
          ]
        ]
      },
      "id": "way/189873283"
    },
    {
      "type": "Feature",
      "properties": {
        "@id": "way/189873284",
        "electrified": "no",
        "gauge": "1000",
        "passenger_lines": "2",
        "railway": "rail",
        "usage": "main"
      },
      "geometry": {
        "type": "LineString",
        "coordinates": [
          [
            10.5684834,
            35.8226054
          ],
          [
            10.5690401,
            35.8223945
          ],
          [
            10.5699242,
            35.8220448
          ],
          [
            10.5706438,
            35.8217533
          ],
          [
            10.5709903,
            35.8216043
          ],
          [
            10.5711783,
            35.8215161
          ],
          [
            10.5713521,
            35.8214222
          ],
          [
            10.5715848,
            35.8212769
          ],
          [
            10.5718477,
            35.8210798
          ],
          [
            10.5721059,
            35.8208476
          ],
          [
            10.5723543,
            35.820576
          ],
          [
            10.5724999,
            35.8203704
          ],
          [
            10.5726218,
            35.8201648
          ],
          [
            10.5727841,
            35.8198145
          ],
          [
            10.5728462,
            35.8196089
          ],
          [
            10.5728999,
            35.8193868
          ],
          [
            10.5729412,
            35.8191194
          ],
          [
            10.5730083,
            35.8183762
          ],
          [
            10.5730984,
            35.8177828
          ],
          [
            10.5732636,
            35.8161979
          ],
          [
            10.5733962,
            35.8153621
          ],
          [
            10.5735545,
            35.8146375
          ],
          [
            10.5737266,
            35.8139149
          ],
          [
            10.5740919,
            35.8124299
          ],
          [
            10.574648,
            35.8101769
          ],
          [
            10.5751646,
            35.8080711
          ],
          [
            10.5752902,
            35.8075012
          ],
          [
            10.5753949,
            35.8069426
          ],
          [
            10.5754671,
            35.8063124
          ],
          [
            10.5755136,
            35.8056764
          ],
          [
            10.5754973,
            35.8046404
          ],
          [
            10.5754438,
            35.8040309
          ],
          [
            10.57536,
            35.8034478
          ],
          [
            10.5751809,
            35.8026024
          ],
          [
            10.5751236,
            35.8024078
          ],
          [
            10.575104,
            35.8023412
          ],
          [
            10.5750064,
            35.8020098
          ],
          [
            10.5747737,
            35.8013248
          ],
          [
            10.5744549,
            35.8005246
          ],
          [
            10.5740966,
            35.7997433
          ],
          [
            10.5730682,
            35.7974353
          ],
          [
            10.5726493,
            35.7965634
          ],
          [
            10.5722863,
            35.7956782
          ],
          [
            10.5721374,
            35.7952951
          ],
          [
            10.5719955,
            35.7948629
          ],
          [
            10.5718792,
            35.7944251
          ],
          [
            10.5717954,
            35.7940004
          ],
          [
            10.5717326,
            35.7934965
          ],
          [
            10.5716977,
            35.7929832
          ],
          [
            10.5717,
            35.7925321
          ],
          [
            10.5717233,
            35.7920923
          ],
          [
            10.5717884,
            35.7915657
          ],
          [
            10.5718931,
            35.7910524
          ],
          [
            10.5720886,
            35.7903503
          ],
          [
            10.5723515,
            35.7896538
          ],
          [
            10.5739217,
            35.7856501
          ],
          [
            10.5746267,
            35.7840427
          ]
        ]
      },
      "id": "way/189873284"
    },
    {
      "type": "Feature",
      "properties": {
        "@id": "way/189873285",
        "gauge": "1000",
        "railway": "rail",
        "service": "spur",
        "usage": "main"
      },
      "geometry": {
        "type": "LineString",
        "coordinates": [
          [
            10.5779843,
            35.7744357
          ],
          [
            10.5768854,
            35.7770608
          ],
          [
            10.5760597,
            35.7790607
          ],
          [
            10.5759532,
            35.7794682
          ]
        ]
      },
      "id": "way/189873285"
    },
    {
      "type": "Feature",
      "properties": {
        "@id": "way/189878823",
        "gauge": "1000",
        "railway": "rail",
        "service": "yard",
        "usage": "branch"
      },
      "geometry": {
        "type": "LineString",
        "coordinates": [
          [
            10.5760418,
            35.8219034
          ],
          [
            10.5756974,
            35.8218166
          ],
          [
            10.5753251,
            35.8217543
          ],
          [
            10.5748854,
            35.8216864
          ],
          [
            10.574534,
            35.8216468
          ],
          [
            10.5742199,
            35.8216411
          ],
          [
            10.573964,
            35.821677
          ],
          [
            10.5737871,
            35.8217166
          ],
          [
            10.5735056,
            35.8217713
          ],
          [
            10.5731822,
            35.821843
          ],
          [
            10.5723119,
            35.822043
          ]
        ]
      },
      "id": "way/189878823"
    },
    {
      "type": "Feature",
      "properties": {
        "@id": "way/189878824",
        "gauge": "1000",
        "railway": "rail",
        "service": "siding",
        "usage": "branch"
      },
      "geometry": {
        "type": "LineString",
        "coordinates": [
          [
            10.5753644,
            35.8216824
          ],
          [
            10.5748947,
            35.8216336
          ],
          [
            10.5745364,
            35.8215864
          ],
          [
            10.5742199,
            35.8215826
          ],
          [
            10.5739314,
            35.8216034
          ],
          [
            10.5735079,
            35.8216751
          ],
          [
            10.57235,
            35.8218505
          ],
          [
            10.5717118,
            35.8219613
          ],
          [
            10.5702728,
            35.8222665
          ],
          [
            10.5699371,
            35.8223275
          ],
          [
            10.5694492,
            35.8223885
          ]
        ]
      },
      "id": "way/189878824"
    },
    {
      "type": "Feature",
      "properties": {
        "@id": "way/189878825",
        "electrified": "no",
        "gauge": "1000",
        "passenger_lines": "1",
        "railway": "rail",
        "usage": "main"
      },
      "geometry": {
        "type": "LineString",
        "coordinates": [
          [
            10.5757315,
            35.8217798
          ],
          [
            10.5760418,
            35.8219034
          ],
          [
            10.5763146,
            35.8220302
          ],
          [
            10.5765676,
            35.8221692
          ],
          [
            10.576928,
            35.8224106
          ],
          [
            10.5772945,
            35.8227502
          ],
          [
            10.5775048,
            35.8229453
          ],
          [
            10.5790711,
            35.8243984
          ],
          [
            10.5794293,
            35.8246684
          ],
          [
            10.5797508,
            35.8248823
          ],
          [
            10.5800703,
            35.8250803
          ],
          [
            10.5803776,
            35.8252316
          ],
          [
            10.5807658,
            35.8253901
          ],
          [
            10.5811811,
            35.8255278
          ],
          [
            10.5816642,
            35.8256545
          ],
          [
            10.5840635,
            35.8262103
          ],
          [
            10.5846899,
            35.8263239
          ],
          [
            10.5850748,
            35.8263512
          ],
          [
            10.5854602,
            35.8263659
          ],
          [
            10.5858468,
            35.8263557
          ],
          [
            10.586139,
            35.82633
          ],
          [
            10.5864128,
            35.8262975
          ],
          [
            10.5866423,
            35.8262525
          ],
          [
            10.5869272,
            35.8261892
          ],
          [
            10.5872853,
            35.8260867
          ],
          [
            10.5876605,
            35.8259713
          ],
          [
            10.5892154,
            35.8254047
          ],
          [
            10.5897745,
            35.8252268
          ],
          [
            10.5901613,
            35.8251331
          ],
          [
            10.5905236,
            35.8250684
          ],
          [
            10.5909007,
            35.825025
          ],
          [
            10.5912613,
            35.8250072
          ],
          [
            10.5916703,
            35.8250106
          ],
          [
            10.5921462,
            35.8250332
          ],
          [
            10.5924869,
            35.8250767
          ],
          [
            10.5929346,
            35.8251494
          ],
          [
            10.5938924,
            35.8253042
          ],
          [
            10.5943699,
            35.8253707
          ],
          [
            10.5949367,
            35.8254244
          ],
          [
            10.5955332,
            35.8254744
          ],
          [
            10.5961231,
            35.8254853
          ],
          [
            10.5967693,
            35.8254753
          ],
          [
            10.5976485,
            35.8254447
          ],
          [
            10.597688,
            35.8254435
          ],
          [
            10.5978128,
            35.8254398
          ],
          [
            10.5992431,
            35.825401
          ],
          [
            10.6000212,
            35.8254018
          ],
          [
            10.600663,
            35.8254464
          ],
          [
            10.6010755,
            35.8255118
          ],
          [
            10.6015749,
            35.8256247
          ],
          [
            10.6020485,
            35.8257596
          ],
          [
            10.6025802,
            35.8259746
          ],
          [
            10.6029358,
            35.826153
          ],
          [
            10.6032827,
            35.8263602
          ],
          [
            10.603604,
            35.8265803
          ],
          [
            10.6042568,
            35.8270954
          ],
          [
            10.6081582,
            35.8304644
          ],
          [
            10.6084467,
            35.8306896
          ],
          [
            10.6088678,
            35.830979
          ],
          [
            10.6092508,
            35.831206
          ],
          [
            10.6096799,
            35.831434
          ],
          [
            10.6100616,
            35.8316007
          ],
          [
            10.6104672,
            35.8317487
          ],
          [
            10.6108962,
            35.8318674
          ],
          [
            10.6109904,
            35.8318878
          ],
          [
            10.6114332,
            35.8319835
          ],
          [
            10.6118957,
            35.8320579
          ],
          [
            10.6125021,
            35.8321276
          ],
          [
            10.6130577,
            35.8321589
          ],
          [
            10.6135566,
            35.8321559
          ],
          [
            10.6148689,
            35.8322128
          ],
          [
            10.6154766,
            35.8322861
          ],
          [
            10.6158587,
            35.8323554
          ],
          [
            10.6162499,
            35.8324562
          ],
          [
            10.6166016,
            35.8325726
          ],
          [
            10.6170086,
            35.8327282
          ],
          [
            10.6174938,
            35.8329539
          ],
          [
            10.6179702,
            35.8332229
          ],
          [
            10.6185202,
            35.8335727
          ],
          [
            10.6185846,
            35.8336216
          ],
          [
            10.6189183,
            35.833817
          ],
          [
            10.6193223,
            35.8340564
          ],
          [
            10.6196934,
            35.8342499
          ],
          [
            10.6200273,
            35.8343953
          ],
          [
            10.6204089,
            35.8345419
          ],
          [
            10.6208332,
            35.8346688
          ],
          [
            10.6212383,
            35.834744
          ],
          [
            10.6218046,
            35.8348329
          ],
          [
            10.622504,
            35.8349138
          ]
        ]
      },
      "id": "way/189878825"
    },
    {
      "type": "Feature",
      "properties": {
        "@id": "way/189878827",
        "gauge": "1000",
        "railway": "rail",
        "service": "yard",
        "usage": "branch"
      },
      "geometry": {
        "type": "LineString",
        "coordinates": [
          [
            10.5727657,
            35.8218411
          ],
          [
            10.5735056,
            35.8217713
          ]
        ]
      },
      "id": "way/189878827"
    },
    {
      "type": "Feature",
      "properties": {
        "@id": "way/189878828",
        "gauge": "1000",
        "railway": "rail",
        "service": "yard",
        "usage": "branch"
      },
      "geometry": {
        "type": "LineString",
        "coordinates": [
          [
            10.5737871,
            35.8217166
          ],
          [
            10.5733311,
            35.8218656
          ],
          [
            10.5723306,
            35.8220958
          ]
        ]
      },
      "id": "way/189878828"
    },
    {
      "type": "Feature",
      "properties": {
        "@id": "way/189878829",
        "gauge": "1000",
        "railway": "rail",
        "service": "yard",
        "usage": "branch"
      },
      "geometry": {
        "type": "LineString",
        "coordinates": [
          [
            10.5731822,
            35.821843
          ],
          [
            10.572896,
            35.8218656
          ],
          [
            10.5718908,
            35.8220826
          ]
        ]
      },
      "id": "way/189878829"
    },
    {
      "type": "Feature",
      "properties": {
        "@id": "way/189878830",
        "gauge": "1000",
        "railway": "rail",
        "service": "yard",
        "usage": "industrial"
      },
      "geometry": {
        "type": "LineString",
        "coordinates": [
          [
            10.5712114,
            35.82186
          ],
          [
            10.5720304,
            35.8216921
          ],
          [
            10.5731589,
            35.8215166
          ],
          [
            10.5737708,
            35.8214525
          ]
        ]
      },
      "id": "way/189878830"
    },
    {
      "type": "Feature",
      "properties": {
        "@id": "way/189878831",
        "gauge": "1000",
        "railway": "rail",
        "service": "yard",
        "usage": "industrial"
      },
      "geometry": {
        "type": "LineString",
        "coordinates": [
          [
            10.574085,
            35.8214525
          ],
          [
            10.5737359,
            35.8214883
          ],
          [
            10.5731519,
            35.8215581
          ],
          [
            10.5720327,
            35.8217298
          ],
          [
            10.5712253,
            35.8218883
          ]
        ]
      },
      "id": "way/189878831"
    },
    {
      "type": "Feature",
      "properties": {
        "@id": "way/189878832",
        "gauge": "1000",
        "railway": "rail",
        "service": "siding",
        "usage": "branch"
      },
      "geometry": {
        "type": "LineString",
        "coordinates": [
          [
            10.5737359,
            35.8214883
          ],
          [
            10.5730495,
            35.8216336
          ],
          [
            10.5721526,
            35.8217636
          ],
          [
            10.5716954,
            35.8218439
          ],
          [
            10.5707076,
            35.8220494
          ],
          [
            10.5704995,
            35.8221014
          ],
          [
            10.5700965,
            35.8222339
          ]
        ]
      },
      "id": "way/189878832"
    },
    {
      "type": "Feature",
      "properties": {
        "@id": "way/189878833",
        "gauge": "1000",
        "railway": "rail",
        "service": "yard",
        "usage": "industrial"
      },
      "geometry": {
        "type": "LineString",
        "coordinates": [
          [
            10.5719024,
            35.8216789
          ],
          [
            10.5731473,
            35.8214808
          ],
          [
            10.5733032,
            35.8214657
          ],
          [
            10.5737708,
            35.8214525
          ],
          [
            10.574085,
            35.8214525
          ],
          [
            10.5743479,
            35.8214543
          ]
        ]
      },
      "id": "way/189878833"
    },
    {
      "type": "Feature",
      "properties": {
        "@id": "way/189878834",
        "gauge": "1000",
        "railway": "rail",
        "service": "siding",
        "usage": "branch"
      },
      "geometry": {
        "type": "LineString",
        "coordinates": [
          [
            10.5735079,
            35.8216751
          ],
          [
            10.5731496,
            35.8217675
          ],
          [
            10.5727657,
            35.8218411
          ],
          [
            10.5723626,
            35.8218848
          ],
          [
            10.5717142,
            35.8219937
          ],
          [
            10.5702894,
            35.8222978
          ],
          [
            10.5699371,
            35.8223275
          ]
        ]
      },
      "id": "way/189878834"
    },
    {
      "type": "Feature",
      "properties": {
        "@id": "way/189878835",
        "gauge": "1000",
        "railway": "rail",
        "service": "spur",
        "usage": "industrial"
      },
      "geometry": {
        "type": "LineString",
        "coordinates": [
          [
            10.572163,
            35.8215525
          ],
          [
            10.5730844,
            35.8214072
          ],
          [
            10.5735707,
            35.821394
          ],
          [
            10.5739128,
            35.821411
          ],
          [
            10.5743479,
            35.8214543
          ],
          [
            10.5746992,
            35.821494
          ],
          [
            10.5749482,
            35.8215581
          ],
          [
            10.5752024,
            35.8216423
          ]
        ]
      },
      "id": "way/189878835"
    },
    {
      "type": "Feature",
      "properties": {
        "@id": "way/189879072",
        "electrified": "no",
        "gauge": "1000",
        "passenger_lines": "2",
        "railway": "rail",
        "usage": "main"
      },
      "geometry": {
        "type": "LineString",
        "coordinates": [
          [
            10.5747487,
            35.7837562
          ],
          [
            10.5750709,
            35.7830941
          ],
          [
            10.5752652,
            35.7826303
          ],
          [
            10.5754342,
            35.7822134
          ],
          [
            10.5762713,
            35.7802483
          ],
          [
            10.5766298,
            35.7793864
          ],
          [
            10.5791594,
            35.7735031
          ],
          [
            10.5796629,
            35.7723204
          ],
          [
            10.5800676,
            35.771394
          ],
          [
            10.5804954,
            35.7704915
          ],
          [
            10.5812687,
            35.7690685
          ],
          [
            10.5834865,
            35.7657551
          ],
          [
            10.5862342,
            35.7616645
          ],
          [
            10.5879551,
            35.7591331
          ],
          [
            10.5889291,
            35.7576912
          ],
          [
            10.5899704,
            35.7562089
          ],
          [
            10.5916263,
            35.754057
          ],
          [
            10.5919795,
            35.7536482
          ],
          [
            10.5928647,
            35.7524919
          ]
        ]
      },
      "id": "way/189879072"
    },
    {
      "type": "Feature",
      "properties": {
        "@id": "way/189879073",
        "bridge": "yes",
        "electrified": "no",
        "gauge": "1000",
        "layer": "1",
        "passenger_lines": "2",
        "railway": "rail",
        "usage": "main"
      },
      "geometry": {
        "type": "LineString",
        "coordinates": [
          [
            10.5746267,
            35.7840427
          ],
          [
            10.5747487,
            35.7837562
          ]
        ]
      },
      "id": "way/189879073"
    },
    {
      "type": "Feature",
      "properties": {
        "@id": "way/189924104",
        "electrified": "no",
        "gauge": "1000",
        "passenger_lines": "2",
        "railway": "rail",
        "usage": "main"
      },
      "geometry": {
        "type": "LineString",
        "coordinates": [
          [
            10.5500078,
            35.8710096
          ],
          [
            10.5497022,
            35.8715108
          ],
          [
            10.5493706,
            35.8721809
          ],
          [
            10.5491381,
            35.8727287
          ],
          [
            10.5489944,
            35.8731889
          ],
          [
            10.5487096,
            35.874269
          ],
          [
            10.5485094,
            35.8752308
          ],
          [
            10.5482401,
            35.8760189
          ],
          [
            10.5479665,
            35.8766757
          ],
          [
            10.5477879,
            35.8770334
          ],
          [
            10.5475816,
            35.8774031
          ],
          [
            10.547212,
            35.8779772
          ],
          [
            10.5467747,
            35.8785378
          ],
          [
            10.5463439,
            35.8790132
          ],
          [
            10.5457044,
            35.8796275
          ],
          [
            10.5451582,
            35.8800983
          ],
          [
            10.5439952,
            35.8810993
          ],
          [
            10.5433429,
            35.8817273
          ],
          [
            10.5428641,
            35.8822646
          ],
          [
            10.5424714,
            35.8828026
          ],
          [
            10.5420265,
            35.8835221
          ],
          [
            10.5416299,
            35.8843117
          ],
          [
            10.5399445,
            35.88769
          ],
          [
            10.5395694,
            35.8883803
          ],
          [
            10.5393446,
            35.8887452
          ],
          [
            10.5388584,
            35.8893411
          ],
          [
            10.5384583,
            35.889798
          ],
          [
            10.5378789,
            35.890366
          ],
          [
            10.5371638,
            35.8909503
          ],
          [
            10.5364236,
            35.8914543
          ],
          [
            10.5358191,
            35.891808
          ],
          [
            10.5352167,
            35.8921128
          ],
          [
            10.5346262,
            35.8923993
          ],
          [
            10.5301451,
            35.8946892
          ],
          [
            10.5276958,
            35.8959356
          ],
          [
            10.5276839,
            35.8959425
          ],
          [
            10.5268977,
            35.8963986
          ],
          [
            10.5261078,
            35.8969216
          ],
          [
            10.5254193,
            35.8975083
          ],
          [
            10.5247049,
            35.8982234
          ],
          [
            10.5243102,
            35.8987091
          ],
          [
            10.5239557,
            35.899188
          ],
          [
            10.5236692,
            35.8996459
          ],
          [
            10.5234299,
            35.9000878
          ],
          [
            10.5232323,
            35.9005328
          ],
          [
            10.5230674,
            35.9009822
          ],
          [
            10.5228346,
            35.901737
          ],
          [
            10.5227288,
            35.9022227
          ],
          [
            10.5226591,
            35.9027222
          ],
          [
            10.5226003,
            35.9034945
          ],
          [
            10.5222663,
            35.9089426
          ],
          [
            10.5221815,
            35.9094909
          ],
          [
            10.5221006,
            35.9098605
          ],
          [
            10.5219617,
            35.9103701
          ],
          [
            10.5218341,
            35.9107697
          ],
          [
            10.5216705,
            35.9111468
          ],
          [
            10.5214496,
            35.9115984
          ],
          [
            10.5212551,
            35.9119668
          ],
          [
            10.5211323,
            35.9121995
          ],
          [
            10.5208838,
            35.9125672
          ],
          [
            10.5206201,
            35.9129185
          ],
          [
            10.5200292,
            35.9136051
          ],
          [
            10.51968,
            35.9139725
          ],
          [
            10.5192978,
            35.9143245
          ],
          [
            10.5187237,
            35.9147811
          ],
          [
            10.5180724,
            35.9152279
          ],
          [
            10.5176487,
            35.9154768
          ],
          [
            10.5171865,
            35.915729
          ],
          [
            10.5165484,
            35.9160528
          ],
          [
            10.5119378,
            35.9182066
          ],
          [
            10.5068168,
            35.9206341
          ],
          [
            10.5060252,
            35.9210511
          ],
          [
            10.5053991,
            35.921449
          ],
          [
            10.5047836,
            35.9219029
          ],
          [
            10.5041667,
            35.9224395
          ],
          [
            10.5036839,
            35.9229165
          ],
          [
            10.5031478,
            35.9235229
          ],
          [
            10.5021926,
            35.9246652
          ],
          [
            10.4991752,
            35.928298
          ],
          [
            10.4976048,
            35.9302158
          ],
          [
            10.4966803,
            35.9312901
          ],
          [
            10.4959459,
            35.9319125
          ],
          [
            10.4951675,
            35.9325012
          ],
          [
            10.4945192,
            35.9329087
          ],
          [
            10.4932878,
            35.933518
          ],
          [
            10.4907507,
            35.9344966
          ],
          [
            10.4892832,
            35.9349899
          ],
          [
            10.4882456,
            35.9353797
          ],
          [
            10.4868963,
            35.9358867
          ],
          [
            10.4819699,
            35.9377143
          ],
          [
            10.4782021,
            35.9390763
          ],
          [
            10.4751054,
            35.9402853
          ],
          [
            10.4710695,
            35.9416892
          ],
          [
            10.4670695,
            35.9431624
          ],
          [
            10.4621933,
            35.9450471
          ],
          [
            10.4603393,
            35.9456644
          ],
          [
            10.4596066,
            35.9459715
          ],
          [
            10.4588362,
            35.946374
          ],
          [
            10.4583776,
            35.9466465
          ],
          [
            10.4579481,
            35.9469386
          ],
          [
            10.4576152,
            35.9471927
          ],
          [
            10.4572929,
            35.9474515
          ],
          [
            10.4565501,
            35.9481355
          ],
          [
            10.4530554,
            35.9514611
          ],
          [
            10.4506259,
            35.9536874
          ],
          [
            10.4496784,
            35.954559
          ]
        ]
      },
      "id": "way/189924104"
    },
    {
      "type": "Feature",
      "properties": {
        "@id": "way/189924107",
        "electrified": "no",
        "gauge": "1000",
        "passenger_lines": "2",
        "railway": "rail",
        "usage": "main"
      },
      "geometry": {
        "type": "LineString",
        "coordinates": [
          [
            10.5673397,
            35.8337307
          ],
          [
            10.5676413,
            35.8344104
          ],
          [
            10.5678073,
            35.8350288
          ],
          [
            10.5679061,
            35.8355586
          ],
          [
            10.5679687,
            35.8361676
          ],
          [
            10.5679879,
            35.8366961
          ],
          [
            10.5679614,
            35.8373356
          ],
          [
            10.5678786,
            35.8379954
          ],
          [
            10.5677426,
            35.83856
          ],
          [
            10.5675391,
            35.8392367
          ],
          [
            10.5673663,
            35.8396902
          ],
          [
            10.5671069,
            35.840218
          ],
          [
            10.56647,
            35.8412835
          ],
          [
            10.5651649,
            35.8434934
          ],
          [
            10.5632509,
            35.8467753
          ]
        ]
      },
      "id": "way/189924107"
    },
    {
      "type": "Feature",
      "properties": {
        "@id": "way/189924108",
        "gauge": "1000",
        "railway": "rail",
        "service": "siding"
      },
      "geometry": {
        "type": "LineString",
        "coordinates": [
          [
            10.5554241,
            35.866467
          ],
          [
            10.555069,
            35.8667541
          ]
        ]
      },
      "id": "way/189924108"
    },
    {
      "type": "Feature",
      "properties": {
        "@id": "way/189924112",
        "bridge": "yes",
        "electrified": "no",
        "gauge": "1000",
        "layer": "1",
        "passenger_lines": "2",
        "railway": "rail",
        "usage": "main"
      },
      "geometry": {
        "type": "LineString",
        "coordinates": [
          [
            10.5632509,
            35.8467753
          ],
          [
            10.5630651,
            35.8470842
          ]
        ]
      },
      "id": "way/189924112"
    },
    {
      "type": "Feature",
      "properties": {
        "@id": "way/189924116",
        "bridge": "yes",
        "electrified": "no",
        "gauge": "1000",
        "layer": "1",
        "passenger_lines": "2",
        "railway": "rail",
        "usage": "main"
      },
      "geometry": {
        "type": "LineString",
        "coordinates": [
          [
            10.5672022,
            35.8334125
          ],
          [
            10.5673397,
            35.8337307
          ]
        ]
      },
      "id": "way/189924116"
    },
    {
      "type": "Feature",
      "properties": {
        "@id": "way/189924118",
        "gauge": "1000",
        "railway": "rail",
        "service": "siding"
      },
      "geometry": {
        "type": "LineString",
        "coordinates": [
          [
            10.5511044,
            35.8697693
          ],
          [
            10.5506955,
            35.870167
          ]
        ]
      },
      "id": "way/189924118"
    },
    {
      "type": "Feature",
      "properties": {
        "@id": "way/189924124",
        "bridge": "yes",
        "electrified": "no",
        "gauge": "1000",
        "passenger_lines": "2",
        "railway": "rail",
        "usage": "main"
      },
      "geometry": {
        "type": "LineString",
        "coordinates": [
          [
            10.5502085,
            35.8707109
          ],
          [
            10.5500078,
            35.8710096
          ]
        ]
      },
      "id": "way/189924124"
    },
    {
      "type": "Feature",
      "properties": {
        "@id": "way/189924162",
        "electrified": "no",
        "gauge": "1000",
        "passenger_lines": "2",
        "railway": "rail",
        "usage": "main"
      },
      "geometry": {
        "type": "LineString",
        "coordinates": [
          [
            10.5630651,
            35.8470842
          ],
          [
            10.5627108,
            35.8477479
          ],
          [
            10.5625275,
            35.8481381
          ],
          [
            10.5624025,
            35.8484946
          ],
          [
            10.5622535,
            35.8489797
          ],
          [
            10.5621543,
            35.8494915
          ],
          [
            10.5620998,
            35.8498501
          ],
          [
            10.5620406,
            35.8522751
          ],
          [
            10.5620037,
            35.8548468
          ],
          [
            10.5619848,
            35.8576551
          ],
          [
            10.5619449,
            35.8587115
          ],
          [
            10.5618739,
            35.8592039
          ],
          [
            10.5617833,
            35.8596326
          ],
          [
            10.5616564,
            35.8600728
          ],
          [
            10.5614672,
            35.8605982
          ],
          [
            10.5612579,
            35.8610935
          ],
          [
            10.5608836,
            35.8617742
          ],
          [
            10.5603915,
            35.8625168
          ],
          [
            10.559963,
            35.863068
          ],
          [
            10.5592371,
            35.8638088
          ],
          [
            10.5588305,
            35.8641673
          ],
          [
            10.5584461,
            35.8644886
          ],
          [
            10.5579284,
            35.8648598
          ],
          [
            10.5572231,
            35.8653204
          ],
          [
            10.5561037,
            35.8660353
          ],
          [
            10.5560049,
            35.8661012
          ],
          [
            10.5554241,
            35.866467
          ],
          [
            10.5533574,
            35.8678112
          ],
          [
            10.5523713,
            35.8685281
          ],
          [
            10.5518209,
            35.868967
          ],
          [
            10.5514824,
            35.8692784
          ],
          [
            10.5510542,
            35.869687
          ],
          [
            10.5506429,
            35.8701483
          ],
          [
            10.5503171,
            35.8705616
          ],
          [
            10.5502085,
            35.8707109
          ]
        ]
      },
      "id": "way/189924162"
    },
    {
      "type": "Feature",
      "properties": {
        "@id": "way/189924174",
        "gauge": "1000",
        "railway": "rail",
        "service": "siding"
      },
      "geometry": {
        "type": "LineString",
        "coordinates": [
          [
            10.5548719,
            35.866883
          ],
          [
            10.5545718,
            35.8671457
          ],
          [
            10.5534333,
            35.8679004
          ],
          [
            10.5525536,
            35.8685294
          ],
          [
            10.5519461,
            35.8689873
          ],
          [
            10.5515412,
            35.8693243
          ],
          [
            10.5511044,
            35.8697693
          ],
          [
            10.5507284,
            35.8702336
          ]
        ]
      },
      "id": "way/189924174"
    },
    {
      "type": "Feature",
      "properties": {
        "@id": "way/202489863",
        "electrified": "no",
        "gauge": "1000",
        "passenger_lines": "2",
        "railway": "rail",
        "usage": "main"
      },
      "geometry": {
        "type": "LineString",
        "coordinates": [
          [
            10.5684474,
            35.8225742
          ],
          [
            10.5689645,
            35.8223941
          ],
          [
            10.5698991,
            35.8220215
          ],
          [
            10.5706274,
            35.8217196
          ],
          [
            10.5710418,
            35.8215395
          ],
          [
            10.5712003,
            35.8214598
          ],
          [
            10.5713496,
            35.8213766
          ],
          [
            10.5714747,
            35.8213021
          ],
          [
            10.5716301,
            35.8211914
          ],
          [
            10.5718127,
            35.8210505
          ],
          [
            10.5720701,
            35.8208179
          ],
          [
            10.5723165,
            35.8205432
          ],
          [
            10.5724559,
            35.820344
          ],
          [
            10.5725738,
            35.8201447
          ],
          [
            10.5727334,
            35.8198005
          ],
          [
            10.572798,
            35.8195973
          ],
          [
            10.5728522,
            35.8193852
          ],
          [
            10.57289,
            35.8191146
          ],
          [
            10.5729586,
            35.8184037
          ],
          [
            10.5730619,
            35.8177806
          ],
          [
            10.5732287,
            35.8161956
          ],
          [
            10.5733553,
            35.815358
          ],
          [
            10.5735126,
            35.8146337
          ],
          [
            10.5736866,
            35.8139089
          ],
          [
            10.5740527,
            35.8124232
          ],
          [
            10.5746045,
            35.8101725
          ],
          [
            10.5751257,
            35.8080621
          ],
          [
            10.5752553,
            35.8074918
          ],
          [
            10.5753512,
            35.8069395
          ],
          [
            10.5754252,
            35.8063086
          ],
          [
            10.575466,
            35.8056759
          ],
          [
            10.5754504,
            35.804638
          ],
          [
            10.5753949,
            35.8040347
          ],
          [
            10.5753117,
            35.8034571
          ],
          [
            10.5751435,
            35.8025973
          ],
          [
            10.5750885,
            35.8024057
          ],
          [
            10.5750717,
            35.8023575
          ],
          [
            10.5749808,
            35.8020306
          ],
          [
            10.5747405,
            35.8013339
          ],
          [
            10.57442,
            35.800536
          ],
          [
            10.57406,
            35.7997486
          ],
          [
            10.5730399,
            35.7974432
          ],
          [
            10.5726261,
            35.7965728
          ],
          [
            10.5722558,
            35.7956963
          ],
          [
            10.5721025,
            35.7953027
          ],
          [
            10.5719631,
            35.7948635
          ],
          [
            10.5718466,
            35.7944307
          ],
          [
            10.5717554,
            35.7940065
          ],
          [
            10.571686,
            35.7934965
          ],
          [
            10.571655,
            35.7929725
          ],
          [
            10.5716558,
            35.792534
          ],
          [
            10.5716813,
            35.7920895
          ],
          [
            10.5717465,
            35.7915639
          ],
          [
            10.5718467,
            35.791042
          ],
          [
            10.572042,
            35.7903389
          ],
          [
            10.5723017,
            35.7896457
          ],
          [
            10.5728153,
            35.7884369
          ],
          [
            10.5738865,
            35.7856387
          ],
          [
            10.5745829,
            35.7840179
          ]
        ]
      },
      "id": "way/202489863"
    },
    {
      "type": "Feature",
      "properties": {
        "@id": "way/245437490",
        "electrified": "no",
        "gauge": "1000",
        "passenger_lines": "1",
        "railway": "rail",
        "usage": "main"
      },
      "geometry": {
        "type": "LineString",
        "coordinates": [
          [
            10.6414664,
            35.8230054
          ],
          [
            10.6414663,
            35.8229649
          ],
          [
            10.6414355,
            35.8224311
          ],
          [
            10.6414433,
            35.8222121
          ],
          [
            10.6414653,
            35.822062
          ],
          [
            10.6415304,
            35.8218333
          ],
          [
            10.6415707,
            35.8217415
          ],
          [
            10.6416241,
            35.8216379
          ],
          [
            10.6417233,
            35.8214795
          ],
          [
            10.6422126,
            35.820649
          ],
          [
            10.6424418,
            35.8202733
          ],
          [
            10.6426432,
            35.8199393
          ],
          [
            10.6432921,
            35.8188696
          ],
          [
            10.6435311,
            35.81847
          ],
          [
            10.6435927,
            35.8183334
          ],
          [
            10.643633,
            35.8182179
          ],
          [
            10.6436575,
            35.8181119
          ],
          [
            10.6436757,
            35.8179986
          ],
          [
            10.643678,
            35.8178358
          ],
          [
            10.6436643,
            35.8177197
          ],
          [
            10.6436379,
            35.8175991
          ],
          [
            10.6434923,
            35.8170667
          ],
          [
            10.6433766,
            35.8166442
          ],
          [
            10.6432701,
            35.8162384
          ],
          [
            10.6431691,
            35.8157987
          ],
          [
            10.6431112,
            35.8154302
          ],
          [
            10.6430934,
            35.8151401
          ],
          [
            10.6430964,
            35.8148296
          ],
          [
            10.6431271,
            35.8145214
          ],
          [
            10.6431773,
            35.8142456
          ],
          [
            10.6432521,
            35.8139538
          ],
          [
            10.6433568,
            35.8136757
          ],
          [
            10.6435374,
            35.8132278
          ],
          [
            10.6448402,
            35.8105314
          ],
          [
            10.6450046,
            35.8101796
          ],
          [
            10.6455587,
            35.8090381
          ],
          [
            10.6458343,
            35.8084662
          ],
          [
            10.6460946,
            35.8079194
          ],
          [
            10.6468393,
            35.8063549
          ],
          [
            10.6471516,
            35.8057012
          ],
          [
            10.6474942,
            35.804994
          ],
          [
            10.6478245,
            35.8043102
          ],
          [
            10.6481785,
            35.8035708
          ],
          [
            10.6486493,
            35.8025763
          ],
          [
            10.6489628,
            35.8019252
          ],
          [
            10.6493314,
            35.8011572
          ],
          [
            10.6499647,
            35.7998348
          ],
          [
            10.6499973,
            35.7997666
          ],
          [
            10.6502968,
            35.7991728
          ],
          [
            10.6504598,
            35.7988317
          ],
          [
            10.6513364,
            35.7970759
          ],
          [
            10.6516877,
            35.7963649
          ],
          [
            10.6517845,
            35.7961476
          ],
          [
            10.6519644,
            35.7957677
          ],
          [
            10.6521781,
            35.7953288
          ],
          [
            10.6530286,
            35.7935515
          ]
        ]
      },
      "id": "way/245437490"
    },
    {
      "type": "Feature",
      "properties": {
        "@id": "way/245441836",
        "gauge": "1000",
        "railway": "rail",
        "usage": "main"
      },
      "geometry": {
        "type": "LineString",
        "coordinates": [
          [
            10.605205,
            35.7366623
          ],
          [
            10.6051752,
            35.7386109
          ],
          [
            10.6051884,
            35.739117
          ],
          [
            10.6052514,
            35.7395916
          ],
          [
            10.6053902,
            35.7400225
          ],
          [
            10.6055408,
            35.7403798
          ],
          [
            10.6056854,
            35.7406829
          ],
          [
            10.6062176,
            35.741563
          ],
          [
            10.6072357,
            35.7433049
          ]
        ]
      },
      "id": "way/245441836"
    },
    {
      "type": "Feature",
      "properties": {
        "@id": "way/251494515",
        "gauge": "1000",
        "railway": "rail",
        "service": "siding",
        "usage": "branch"
      },
      "geometry": {
        "type": "LineString",
        "coordinates": [
          [
            10.8254176,
            35.7705428
          ],
          [
            10.8258959,
            35.7706372
          ]
        ]
      },
      "id": "way/251494515"
    },
    {
      "type": "Feature",
      "properties": {
        "@id": "way/251494516",
        "gauge": "1000",
        "railway": "rail",
        "service": "siding",
        "usage": "branch"
      },
      "geometry": {
        "type": "LineString",
        "coordinates": [
          [
            10.8221036,
            35.7696811
          ],
          [
            10.8216797,
            35.7695264
          ]
        ]
      },
      "id": "way/251494516"
    },
    {
      "type": "Feature",
      "properties": {
        "@id": "way/251494517",
        "gauge": "1000",
        "operator": "الشركة الوطنية للسكك الحديدية التونسية",
        "operator:ar": "الشركة الوطنية للسكك الحديدية التونسية",
        "operator:website": "http://www.sncft.com.tn/Ar/",
        "operator:wikidata": "Q2297197",
        "operator:wikipedia": "ar:الشركة الوطنية للسكك الحديدية التونسية",
        "operator:wikipedia:ar": "الشركة الوطنية للسكك الحديدية التونسية",
        "railway": "rail",
        "service": "yard"
      },
      "geometry": {
        "type": "LineString",
        "coordinates": [
          [
            10.8245086,
            35.7704835
          ],
          [
            10.8241187,
            35.7704029
          ],
          [
            10.8239851,
            35.7703635
          ]
        ]
      },
      "id": "way/251494517"
    },
    {
      "type": "Feature",
      "properties": {
        "@id": "way/251494518",
        "gauge": "1000",
        "operator": "الشركة الوطنية للسكك الحديدية التونسية",
        "operator:ar": "الشركة الوطنية للسكك الحديدية التونسية",
        "operator:website": "http://www.sncft.com.tn/Ar/",
        "operator:wikidata": "Q2297197",
        "operator:wikipedia": "ar:الشركة الوطنية للسكك الحديدية التونسية",
        "operator:wikipedia:ar": "الشركة الوطنية للسكك الحديدية التونسية",
        "railway": "rail",
        "service": "siding"
      },
      "geometry": {
        "type": "LineString",
        "coordinates": [
          [
            10.8228244,
            35.7697811
          ],
          [
            10.8254176,
            35.7705428
          ],
          [
            10.8262166,
            35.7707743
          ]
        ]
      },
      "id": "way/251494518"
    },
    {
      "type": "Feature",
      "properties": {
        "@id": "way/251494519",
        "gauge": "1000",
        "operator": "الشركة الوطنية للسكك الحديدية التونسية",
        "operator:ar": "الشركة الوطنية للسكك الحديدية التونسية",
        "operator:website": "http://www.sncft.com.tn/Ar/",
        "operator:wikidata": "Q2297197",
        "operator:wikipedia": "ar:الشركة الوطنية للسكك الحديدية التونسية",
        "operator:wikipedia:ar": "الشركة الوطنية للسكك الحديدية التونسية",
        "railway": "rail",
        "service": "siding"
      },
      "geometry": {
        "type": "LineString",
        "coordinates": [
          [
            10.8224653,
            35.7697898
          ],
          [
            10.8231288,
            35.770066
          ],
          [
            10.8233222,
            35.7701372
          ],
          [
            10.8245086,
            35.7704835
          ],
          [
            10.8261311,
            35.7709617
          ]
        ]
      },
      "id": "way/251494519"
    },
    {
      "type": "Feature",
      "properties": {
        "@id": "way/251494520",
        "gauge": "1000",
        "operator": "الشركة الوطنية للسكك الحديدية التونسية",
        "operator:ar": "الشركة الوطنية للسكك الحديدية التونسية",
        "operator:website": "http://www.sncft.com.tn/Ar/",
        "operator:wikidata": "Q2297197",
        "operator:wikipedia": "ar:الشركة الوطنية للسكك الحديدية التونسية",
        "operator:wikipedia:ar": "الشركة الوطنية للسكك الحديدية التونسية",
        "railway": "rail",
        "service": "siding"
      },
      "geometry": {
        "type": "LineString",
        "coordinates": [
          [
            10.8262335,
            35.7707361
          ],
          [
            10.8258959,
            35.7706372
          ],
          [
            10.8233523,
            35.7698877
          ],
          [
            10.8228244,
            35.7697811
          ],
          [
            10.8221597,
            35.769662
          ]
        ]
      },
      "id": "way/251494520"
    },
    {
      "type": "Feature",
      "properties": {
        "@id": "way/251494521",
        "electrified": "contact_line",
        "frequency": "50",
        "gauge": "1000",
        "operator": "الشركة الوطنية للسكك الحديدية التونسية",
        "operator:ar": "الشركة الوطنية للسكك الحديدية التونسية",
        "operator:website": "http://www.sncft.com.tn/Ar/",
        "operator:wikidata": "Q2297197",
        "operator:wikipedia": "ar:الشركة الوطنية للسكك الحديدية التونسية",
        "operator:wikipedia:ar": "الشركة الوطنية للسكك الحديدية التونسية",
        "passenger_lines": "2",
        "railway": "rail",
        "usage": "main",
        "voltage": "25000"
      },
      "geometry": {
        "type": "LineString",
        "coordinates": [
          [
            10.8261643,
            35.7708889
          ],
          [
            10.8244957,
            35.7704013
          ],
          [
            10.8224653,
            35.7697898
          ],
          [
            10.8221036,
            35.7696811
          ],
          [
            10.8193087,
            35.768868
          ],
          [
            10.8183387,
            35.7685549
          ],
          [
            10.8175489,
            35.7682362
          ],
          [
            10.8156233,
            35.7673795
          ],
          [
            10.8150494,
            35.7670892
          ],
          [
            10.8146712,
            35.7668669
          ],
          [
            10.814414,
            35.7666946
          ],
          [
            10.8141792,
            35.7665162
          ],
          [
            10.8138625,
            35.7662395
          ],
          [
            10.8134619,
            35.7658328
          ],
          [
            10.8126122,
            35.7649045
          ],
          [
            10.8116153,
            35.7638053
          ],
          [
            10.8109501,
            35.763072
          ],
          [
            10.8102309,
            35.7622706
          ],
          [
            10.8095806,
            35.761566
          ],
          [
            10.8089862,
            35.7609839
          ],
          [
            10.8085129,
            35.7605515
          ],
          [
            10.8080172,
            35.7601205
          ],
          [
            10.8071272,
            35.7593953
          ],
          [
            10.8069377,
            35.7592381
          ],
          [
            10.8049487,
            35.7575873
          ],
          [
            10.8047212,
            35.7573991
          ],
          [
            10.802821,
            35.7558422
          ],
          [
            10.7999339,
            35.7534898
          ],
          [
            10.7992302,
            35.7530246
          ],
          [
            10.7984775,
            35.7526388
          ],
          [
            10.7976922,
            35.7523684
          ],
          [
            10.7968604,
            35.7522133
          ],
          [
            10.7960075,
            35.752166
          ],
          [
            10.7953201,
            35.7521963
          ],
          [
            10.7945278,
            35.7523268
          ],
          [
            10.7939313,
            35.7524951
          ],
          [
            10.7934117,
            35.7527012
          ],
          [
            10.7927802,
            35.7530378
          ],
          [
            10.7921091,
            35.753486
          ],
          [
            10.7902209,
            35.7548643
          ],
          [
            10.7894435,
            35.7555234
          ],
          [
            10.7889989,
            35.7559587
          ],
          [
            10.7887823,
            35.7562183
          ],
          [
            10.7887432,
            35.756268
          ],
          [
            10.7885725,
            35.7565014
          ],
          [
            10.7882832,
            35.7569048
          ],
          [
            10.7880888,
            35.7573487
          ],
          [
            10.7879537,
            35.7578702
          ],
          [
            10.7878713,
            35.7585334
          ],
          [
            10.7878812,
            35.7590522
          ],
          [
            10.7884371,
            35.7654003
          ],
          [
            10.7885175,
            35.7664244
          ],
          [
            10.7885116,
            35.7668459
          ],
          [
            10.788482,
            35.7672554
          ],
          [
            10.7884013,
            35.7677013
          ],
          [
            10.7882823,
            35.7681351
          ],
          [
            10.7881672,
            35.7684516
          ],
          [
            10.7880261,
            35.7687584
          ],
          [
            10.7877965,
            35.7691617
          ],
          [
            10.7875567,
            35.7695167
          ],
          [
            10.7873103,
            35.7698218
          ],
          [
            10.7870375,
            35.7701191
          ],
          [
            10.7867145,
            35.7704261
          ],
          [
            10.786372,
            35.7707106
          ],
          [
            10.7859465,
            35.7710005
          ],
          [
            10.7855014,
            35.7712613
          ],
          [
            10.7851515,
            35.7714384
          ],
          [
            10.7847844,
            35.7715916
          ],
          [
            10.7843912,
            35.7717382
          ],
          [
            10.7839871,
            35.7718597
          ],
          [
            10.7833643,
            35.7720026
          ],
          [
            10.7826261,
            35.7721078
          ],
          [
            10.781877,
            35.7721407
          ],
          [
            10.7809872,
            35.772108
          ],
          [
            10.7800686,
            35.7720053
          ],
          [
            10.7789111,
            35.7718496
          ],
          [
            10.7778006,
            35.7716919
          ],
          [
            10.7770525,
            35.7715608
          ],
          [
            10.7763078,
            35.7713924
          ],
          [
            10.7752368,
            35.7711117
          ],
          [
            10.774693,
            35.7709432
          ],
          [
            10.7741064,
            35.77074
          ],
          [
            10.7732991,
            35.7704218
          ],
          [
            10.7723961,
            35.7700127
          ],
          [
            10.7697414,
            35.7687093
          ],
          [
            10.7627228,
            35.765278
          ]
        ]
      },
      "id": "way/251494521"
    },
    {
      "type": "Feature",
      "properties": {
        "@id": "way/251693090",
        "electrified": "contact_line",
        "frequency": "50",
        "gauge": "1000",
        "passenger_lines": "2",
        "railway": "rail",
        "usage": "main",
        "voltage": "25000"
      },
      "geometry": {
        "type": "LineString",
        "coordinates": [
          [
            10.8109501,
            35.763072
          ],
          [
            10.8106914,
            35.7627303
          ],
          [
            10.8101545,
            35.7620211
          ],
          [
            10.8096644,
            35.7613695
          ],
          [
            10.8094718,
            35.7611126
          ],
          [
            10.8092936,
            35.7608387
          ],
          [
            10.8091893,
            35.7606361
          ],
          [
            10.8090924,
            35.7603987
          ],
          [
            10.809029,
            35.7601614
          ],
          [
            10.8090011,
            35.7599845
          ],
          [
            10.8089806,
            35.7597289
          ],
          [
            10.8090085,
            35.7593464
          ],
          [
            10.8091036,
            35.7589684
          ],
          [
            10.809275,
            35.7585783
          ],
          [
            10.8095489,
            35.7581912
          ],
          [
            10.8099898,
            35.7577263
          ],
          [
            10.8104262,
            35.7573263
          ],
          [
            10.8107603,
            35.7570363
          ]
        ]
      },
      "id": "way/251693090"
    },
    {
      "type": "Feature",
      "properties": {
        "@id": "way/349938655",
        "gauge": "1000",
        "operator": "الشركة الوطنية للسكك الحديدية التونسية",
        "operator:ar": "الشركة الوطنية للسكك الحديدية التونسية",
        "operator:website": "http://www.sncft.com.tn/Ar/",
        "operator:wikidata": "Q2297197",
        "operator:wikipedia": "ar:الشركة الوطنية للسكك الحديدية التونسية",
        "operator:wikipedia:ar": "الشركة الوطنية للسكك الحديدية التونسية",
        "railway": "rail",
        "usage": "main"
      },
      "geometry": {
        "type": "LineString",
        "coordinates": [
          [
            10.8415868,
            35.6803154
          ],
          [
            10.8449183,
            35.6793615
          ],
          [
            10.8457526,
            35.6791423
          ],
          [
            10.8470033,
            35.6787771
          ],
          [
            10.8488841,
            35.6782449
          ],
          [
            10.8516211,
            35.6774747
          ],
          [
            10.8524789,
            35.6772315
          ],
          [
            10.8533367,
            35.6769891
          ],
          [
            10.855046,
            35.67652
          ],
          [
            10.8575846,
            35.6758228
          ],
          [
            10.8608578,
            35.6749681
          ],
          [
            10.8615161,
            35.6747982
          ],
          [
            10.8621232,
            35.6746145
          ],
          [
            10.8635029,
            35.6741525
          ],
          [
            10.8640813,
            35.6739374
          ],
          [
            10.8645715,
            35.673737
          ],
          [
            10.8653233,
            35.6733964
          ],
          [
            10.866056,
            35.6730497
          ],
          [
            10.8668997,
            35.672652
          ],
          [
            10.8699024,
            35.6713009
          ]
        ]
      },
      "id": "way/349938655"
    },
    {
      "type": "Feature",
      "properties": {
        "@id": "way/459548564",
        "electrified": "no",
        "gauge": "1000",
        "passenger_lines": "1",
        "railway": "rail",
        "usage": "main"
      },
      "geometry": {
        "type": "LineString",
        "coordinates": [
          [
            10.5684834,
            35.8226054
          ],
          [
            10.5690446,
            35.82248
          ],
          [
            10.5694492,
            35.8223885
          ],
          [
            10.5698611,
            35.8222924
          ],
          [
            10.5700965,
            35.8222339
          ],
          [
            10.5704359,
            35.8221519
          ],
          [
            10.5716943,
            35.8218906
          ],
          [
            10.5723358,
            35.821779
          ],
          [
            10.5735172,
            35.8215997
          ],
          [
            10.5739267,
            35.8215411
          ],
          [
            10.5742252,
            35.8215186
          ],
          [
            10.5745526,
            35.8215336
          ],
          [
            10.5747876,
            35.8215624
          ],
          [
            10.5752024,
            35.8216423
          ],
          [
            10.5753644,
            35.8216824
          ],
          [
            10.5757315,
            35.8217798
          ]
        ]
      },
      "id": "way/459548564"
    },
    {
      "type": "Feature",
      "properties": {
        "@id": "way/459548570",
        "electrified": "no",
        "gauge": "1000",
        "passenger_lines": "1",
        "railway": "rail",
        "usage": "main"
      },
      "geometry": {
        "type": "LineString",
        "coordinates": [
          [
            10.5978014,
            35.7261852
          ],
          [
            10.5979948,
            35.7265523
          ],
          [
            10.5981105,
            35.7267487
          ],
          [
            10.5982432,
            35.7269425
          ],
          [
            10.5983825,
            35.7271254
          ],
          [
            10.5985519,
            35.727325
          ],
          [
            10.5989418,
            35.7277206
          ]
        ]
      },
      "id": "way/459548570"
    },
    {
      "type": "Feature",
      "properties": {
        "@id": "way/551957903",
        "electrified": "no",
        "gauge": "1000",
        "passenger_lines": "1",
        "railway": "rail",
        "usage": "main"
      },
      "geometry": {
        "type": "LineString",
        "coordinates": [
          [
            10.622504,
            35.8349138
          ],
          [
            10.6232938,
            35.8349854
          ],
          [
            10.6268996,
            35.8353558
          ],
          [
            10.6273424,
            35.8353906
          ],
          [
            10.6275489,
            35.8353925
          ],
          [
            10.6277951,
            35.8353898
          ],
          [
            10.6280264,
            35.8353711
          ],
          [
            10.628264,
            35.8353399
          ],
          [
            10.6285059,
            35.8352923
          ],
          [
            10.6287697,
            35.8352236
          ],
          [
            10.6291429,
            35.8351074
          ],
          [
            10.6314637,
            35.8341055
          ],
          [
            10.6330412,
            35.8334097
          ],
          [
            10.6333994,
            35.8332372
          ],
          [
            10.6337652,
            35.8330514
          ],
          [
            10.6347223,
            35.8325217
          ],
          [
            10.635652,
            35.8319814
          ],
          [
            10.6359399,
            35.8318355
          ]
        ]
      },
      "id": "way/551957903"
    },
    {
      "type": "Feature",
      "properties": {
        "@id": "way/623953395",
        "gauge": "1000",
        "railway": "rail",
        "service": "yard"
      },
      "geometry": {
        "type": "LineString",
        "coordinates": [
          [
            10.6399223,
            35.8294999
          ],
          [
            10.6395354,
            35.829776
          ],
          [
            10.6390289,
            35.8300998
          ],
          [
            10.6385854,
            35.8303667
          ]
        ]
      },
      "id": "way/623953395"
    },
    {
      "type": "Feature",
      "properties": {
        "@id": "way/624630935",
        "gauge": "1000",
        "railway": "rail",
        "usage": "main"
      },
      "geometry": {
        "type": "LineString",
        "coordinates": [
          [
            10.8406647,
            35.6805789
          ],
          [
            10.8411635,
            35.6804433
          ],
          [
            10.8415868,
            35.6803154
          ]
        ]
      },
      "id": "way/624630935"
    },
    {
      "type": "Feature",
      "properties": {
        "@id": "way/624630936",
        "electrified": "contact_line",
        "frequency": "50",
        "gauge": "1000",
        "passenger_lines": "2",
        "railway": "rail",
        "usage": "main",
        "voltage": "25000"
      },
      "geometry": {
        "type": "LineString",
        "coordinates": [
          [
            10.6783348,
            35.7789628
          ],
          [
            10.6780258,
            35.7792831
          ],
          [
            10.6774321,
            35.7798542
          ],
          [
            10.6770536,
            35.7801736
          ],
          [
            10.6766441,
            35.7804782
          ],
          [
            10.6762777,
            35.7807237
          ],
          [
            10.6758972,
            35.7809543
          ],
          [
            10.6754901,
            35.7811623
          ],
          [
            10.6750599,
            35.7813608
          ],
          [
            10.674579,
            35.7815555
          ],
          [
            10.6741634,
            35.7816993
          ],
          [
            10.6737471,
            35.7818353
          ],
          [
            10.6733191,
            35.7819456
          ],
          [
            10.672829,
            35.7820489
          ],
          [
            10.6723203,
            35.7821297
          ],
          [
            10.6718325,
            35.7821823
          ],
          [
            10.6714029,
            35.7822152
          ],
          [
            10.6710068,
            35.7822297
          ],
          [
            10.6704872,
            35.7822228
          ],
          [
            10.6700311,
            35.7821955
          ],
          [
            10.6673437,
            35.7819962
          ],
          [
            10.6669045,
            35.7819636
          ]
        ]
      },
      "id": "way/624630936"
    },
    {
      "type": "Feature",
      "properties": {
        "@id": "way/624630937",
        "electrified": "no",
        "gauge": "1000",
        "passenger_lines": "1",
        "railway": "rail",
        "usage": "main"
      },
      "geometry": {
        "type": "LineString",
        "coordinates": [
          [
            10.6470224,
            35.7826602
          ],
          [
            10.64676,
            35.7822375
          ],
          [
            10.6450542,
            35.7795637
          ],
          [
            10.6442902,
            35.7783515
          ],
          [
            10.642818,
            35.7760574
          ],
          [
            10.6422107,
            35.7751081
          ],
          [
            10.6420288,
            35.7748212
          ],
          [
            10.6415868,
            35.7741448
          ],
          [
            10.639573,
            35.7709773
          ],
          [
            10.6391825,
            35.7703662
          ],
          [
            10.6388466,
            35.7698411
          ],
          [
            10.6375419,
            35.7677795
          ],
          [
            10.6360241,
            35.7653842
          ],
          [
            10.6354243,
            35.7646038
          ],
          [
            10.6347786,
            35.7638793
          ],
          [
            10.6338394,
            35.7629576
          ],
          [
            10.6332397,
            35.7623361
          ],
          [
            10.6315753,
            35.7606085
          ],
          [
            10.6308704,
            35.7598769
          ]
        ]
      },
      "id": "way/624630937"
    },
    {
      "type": "Feature",
      "properties": {
        "@id": "way/624630938",
        "gauge": "1000",
        "railway": "rail",
        "usage": "main"
      },
      "geometry": {
        "type": "LineString",
        "coordinates": [
          [
            10.6072357,
            35.7433049
          ],
          [
            10.6073022,
            35.7434241
          ],
          [
            10.6080807,
            35.7447258
          ],
          [
            10.6100234,
            35.7478807
          ]
        ]
      },
      "id": "way/624630938"
    },
    {
      "type": "Feature",
      "properties": {
        "@id": "way/624630939",
        "electrified": "no",
        "gauge": "1000",
        "passenger_lines": "2",
        "railway": "rail",
        "usage": "main"
      },
      "geometry": {
        "type": "LineString",
        "coordinates": [
          [
            10.6009374,
            35.7425701
          ],
          [
            10.6001809,
            35.7433091
          ],
          [
            10.5994552,
            35.7440653
          ],
          [
            10.5986335,
            35.7449918
          ],
          [
            10.5978412,
            35.7460092
          ],
          [
            10.596537,
            35.7477197
          ],
          [
            10.5948884,
            35.7498641
          ],
          [
            10.5930983,
            35.7521982
          ]
        ]
      },
      "id": "way/624630939"
    },
    {
      "type": "Feature",
      "properties": {
        "@id": "way/624630940",
        "gauge": "1000",
        "railway": "rail",
        "usage": "main"
      },
      "geometry": {
        "type": "LineString",
        "coordinates": [
          [
            10.6415455,
            35.8228933
          ],
          [
            10.6415154,
            35.8224027
          ],
          [
            10.6415185,
            35.8222005
          ],
          [
            10.6415247,
            35.8220755
          ],
          [
            10.6415515,
            35.8219492
          ],
          [
            10.6416123,
            35.8217722
          ],
          [
            10.6416629,
            35.821659
          ],
          [
            10.6418797,
            35.8212824
          ],
          [
            10.6420746,
            35.8209651
          ],
          [
            10.6422502,
            35.8206656
          ],
          [
            10.6423041,
            35.8205764
          ],
          [
            10.6428378,
            35.8196933
          ],
          [
            10.6433527,
            35.8188411
          ],
          [
            10.6435642,
            35.8184822
          ],
          [
            10.6436513,
            35.8183009
          ],
          [
            10.6436921,
            35.8181656
          ],
          [
            10.6437106,
            35.8180617
          ],
          [
            10.6437213,
            35.8179426
          ],
          [
            10.643719,
            35.8178329
          ],
          [
            10.6437037,
            35.8177232
          ],
          [
            10.6436791,
            35.8175915
          ],
          [
            10.643422,
            35.8166412
          ]
        ]
      },
      "id": "way/624630940"
    },
    {
      "type": "Feature",
      "properties": {
        "@id": "way/624630941",
        "electrified": "contact_line",
        "frequency": "50",
        "gauge": "1000",
        "passenger_lines": "2",
        "railway": "rail",
        "usage": "main",
        "voltage": "25000"
      },
      "geometry": {
        "type": "LineString",
        "coordinates": [
          [
            10.8047442,
            35.7573799
          ],
          [
            10.8049892,
            35.7575455
          ],
          [
            10.8056566,
            35.7579572
          ],
          [
            10.8058741,
            35.758078
          ],
          [
            10.8061066,
            35.7581829
          ],
          [
            10.8063273,
            35.7582619
          ],
          [
            10.8065536,
            35.7583264
          ],
          [
            10.8070127,
            35.7584228
          ],
          [
            10.8072259,
            35.7584437
          ],
          [
            10.8074506,
            35.7584549
          ],
          [
            10.8077134,
            35.7584544
          ],
          [
            10.8079782,
            35.7584371
          ],
          [
            10.8082365,
            35.7583999
          ],
          [
            10.8084569,
            35.7583561
          ],
          [
            10.8086779,
            35.758294
          ],
          [
            10.8088938,
            35.7582254
          ],
          [
            10.8091034,
            35.7581486
          ],
          [
            10.8092967,
            35.7580569
          ],
          [
            10.8095053,
            35.7579423
          ],
          [
            10.8096934,
            35.7578183
          ],
          [
            10.8100496,
            35.7575623
          ],
          [
            10.8107603,
            35.7570363
          ]
        ]
      },
      "id": "way/624630941"
    },
    {
      "type": "Feature",
      "properties": {
        "@id": "way/624630942",
        "electrified": "contact_line",
        "frequency": "50",
        "gauge": "1000",
        "passenger_lines": "2",
        "railway": "rail",
        "usage": "main",
        "voltage": "25000"
      },
      "geometry": {
        "type": "LineString",
        "coordinates": [
          [
            10.8047212,
            35.7573991
          ],
          [
            10.8049624,
            35.7575656
          ],
          [
            10.8056382,
            35.7579866
          ],
          [
            10.8058583,
            35.7581069
          ],
          [
            10.8060935,
            35.7582124
          ],
          [
            10.8063155,
            35.758294
          ],
          [
            10.8065434,
            35.7583553
          ],
          [
            10.8070083,
            35.7584516
          ],
          [
            10.8072219,
            35.7584769
          ],
          [
            10.8074512,
            35.7584871
          ],
          [
            10.807716,
            35.7584886
          ],
          [
            10.8079901,
            35.7584677
          ],
          [
            10.8082431,
            35.7584319
          ],
          [
            10.8084652,
            35.758389
          ],
          [
            10.808695,
            35.7583282
          ],
          [
            10.8089173,
            35.7582568
          ],
          [
            10.8091232,
            35.7581785
          ],
          [
            10.8093184,
            35.7580863
          ],
          [
            10.809529,
            35.7579701
          ],
          [
            10.8097213,
            35.7578428
          ],
          [
            10.8100759,
            35.7575886
          ],
          [
            10.8104262,
            35.7573263
          ],
          [
            10.8108593,
            35.7570109
          ]
        ]
      },
      "id": "way/624630942"
    },
    {
      "type": "Feature",
      "properties": {
        "@id": "way/665180305",
        "electrified": "no",
        "gauge": "1000",
        "railway": "rail",
        "usage": "main"
      },
      "geometry": {
        "type": "LineString",
        "coordinates": [
          [
            10.5658445,
            35.8300398
          ],
          [
            10.5659214,
            35.8302431
          ],
          [
            10.5660287,
            35.8305498
          ],
          [
            10.5661011,
            35.8307352
          ]
        ]
      },
      "id": "way/665180305"
    },
    {
      "type": "Feature",
      "properties": {
        "@id": "way/671719944",
        "electrified": "no",
        "gauge": "1000",
        "passenger_lines": "1",
        "railway": "rail",
        "usage": "main"
      },
      "geometry": {
        "type": "LineString",
        "coordinates": [
          [
            10.6530286,
            35.7935515
          ],
          [
            10.6532617,
            35.7930707
          ],
          [
            10.6534846,
            35.7925987
          ],
          [
            10.6536442,
            35.7922385
          ],
          [
            10.6537717,
            35.7918879
          ],
          [
            10.6538382,
            35.7916315
          ],
          [
            10.653898,
            35.7912998
          ],
          [
            10.6539221,
            35.7909973
          ],
          [
            10.6539252,
            35.7906879
          ],
          [
            10.6539048,
            35.790435
          ],
          [
            10.6538703,
            35.7901858
          ],
          [
            10.6538399,
            35.7900148
          ],
          [
            10.6537973,
            35.7898459
          ],
          [
            10.6536955,
            35.7895141
          ],
          [
            10.6535676,
            35.7892253
          ],
          [
            10.6534277,
            35.7889583
          ],
          [
            10.6532631,
            35.7886904
          ],
          [
            10.6530798,
            35.7884323
          ],
          [
            10.6528973,
            35.7882136
          ],
          [
            10.6527028,
            35.7880036
          ],
          [
            10.6524646,
            35.787783
          ],
          [
            10.6522063,
            35.7875667
          ],
          [
            10.6518967,
            35.7873346
          ],
          [
            10.6515764,
            35.7871134
          ],
          [
            10.6496168,
            35.7858113
          ],
          [
            10.6492566,
            35.7855551
          ],
          [
            10.6489939,
            35.7853425
          ],
          [
            10.6487514,
            35.78513
          ],
          [
            10.6485427,
            35.7849094
          ],
          [
            10.6484469,
            35.7848001
          ],
          [
            10.6483532,
            35.7846883
          ],
          [
            10.6481767,
            35.7844568
          ],
          [
            10.6480077,
            35.7842184
          ],
          [
            10.6477854,
            35.7838788
          ],
          [
            10.6472818,
            35.7830769
          ],
          [
            10.647166,
            35.7828881
          ],
          [
            10.6470224,
            35.7826602
          ]
        ]
      },
      "id": "way/671719944"
    },
    {
      "type": "Feature",
      "properties": {
        "@id": "way/733413623",
        "gauge": "1000",
        "operator": "الشركة الوطنية للسكك الحديدية التونسية",
        "operator:ar": "الشركة الوطنية للسكك الحديدية التونسية",
        "operator:website": "http://www.sncft.com.tn/Ar/",
        "operator:wikidata": "Q2297197",
        "operator:wikipedia": "ar:الشركة الوطنية للسكك الحديدية التونسية",
        "operator:wikipedia:ar": "الشركة الوطنية للسكك الحديدية التونسية",
        "railway": "rail",
        "service": "yard"
      },
      "geometry": {
        "type": "LineString",
        "coordinates": [
          [
            10.8236606,
            35.7702672
          ],
          [
            10.8232826,
            35.7701529
          ]
        ]
      },
      "id": "way/733413623"
    },
    {
      "type": "Feature",
      "properties": {
        "@id": "way/733413624",
        "gauge": "1000",
        "operator": "الشركة الوطنية للسكك الحديدية التونسية",
        "operator:ar": "الشركة الوطنية للسكك الحديدية التونسية",
        "operator:website": "http://www.sncft.com.tn/Ar/",
        "operator:wikidata": "Q2297197",
        "operator:wikipedia": "ar:الشركة الوطنية للسكك الحديدية التونسية",
        "operator:wikipedia:ar": "الشركة الوطنية للسكك الحديدية التونسية",
        "railway": "rail",
        "service": "yard",
        "tunnel": "building_passage"
      },
      "geometry": {
        "type": "LineString",
        "coordinates": [
          [
            10.8239851,
            35.7703635
          ],
          [
            10.8236606,
            35.7702672
          ]
        ]
      },
      "id": "way/733413624"
    },
    {
      "type": "Feature",
      "properties": {
        "@id": "way/834898318",
        "bridge": "yes",
        "gauge": "1000",
        "layer": "1",
        "operator": "الشركة الوطنية للسكك الحديدية التونسية",
        "operator:ar": "الشركة الوطنية للسكك الحديدية التونسية",
        "operator:website": "http://www.sncft.com.tn/Ar/",
        "operator:wikidata": "Q2297197",
        "operator:wikipedia": "ar:الشركة الوطنية للسكك الحديدية التونسية",
        "operator:wikipedia:ar": "الشركة الوطنية للسكك الحديدية التونسية",
        "railway": "rail",
        "usage": "main"
      },
      "geometry": {
        "type": "LineString",
        "coordinates": [
          [
            10.8699024,
            35.6713009
          ],
          [
            10.8703881,
            35.6710839
          ]
        ]
      },
      "id": "way/834898318"
    },
    {
      "type": "Feature",
      "properties": {
        "@id": "way/838818861",
        "electrified": "contact_line",
        "frequency": "50",
        "gauge": "1000",
        "operator": "الشركة الوطنية للسكك الحديدية التونسية",
        "operator:ar": "الشركة الوطنية للسكك الحديدية التونسية",
        "operator:website": "http://www.sncft.com.tn/Ar/",
        "operator:wikidata": "Q2297197",
        "operator:wikipedia": "ar:الشركة الوطنية للسكك الحديدية التونسية",
        "operator:wikipedia:ar": "الشركة الوطنية للسكك الحديدية التونسية",
        "passenger_lines": "2",
        "railway": "rail",
        "usage": "main",
        "voltage": "25000"
      },
      "geometry": {
        "type": "LineString",
        "coordinates": [
          [
            10.8704031,
            35.6711181
          ],
          [
            10.8718073,
            35.6704905
          ],
          [
            10.8731212,
            35.6699401
          ],
          [
            10.8737042,
            35.6697235
          ],
          [
            10.8741673,
            35.6695604
          ],
          [
            10.8746649,
            35.6694394
          ],
          [
            10.8751356,
            35.6693697
          ],
          [
            10.8756186,
            35.6693155
          ],
          [
            10.8761654,
            35.6693147
          ],
          [
            10.8767988,
            35.6693571
          ],
          [
            10.8773661,
            35.6694508
          ],
          [
            10.8782679,
            35.6696701
          ],
          [
            10.8795553,
            35.6700178
          ],
          [
            10.8801238,
            35.6701483
          ],
          [
            10.8807577,
            35.6702551
          ],
          [
            10.8813843,
            35.6703127
          ],
          [
            10.8818954,
            35.6703047
          ],
          [
            10.8824519,
            35.6702639
          ],
          [
            10.8827348,
            35.6702239
          ],
          [
            10.8831992,
            35.670124
          ],
          [
            10.8836185,
            35.6699982
          ],
          [
            10.884127,
            35.6698216
          ],
          [
            10.8846213,
            35.6695942
          ],
          [
            10.8850855,
            35.6693225
          ],
          [
            10.8855373,
            35.6689889
          ],
          [
            10.8858268,
            35.66874
          ],
          [
            10.8861862,
            35.6683864
          ],
          [
            10.8867421,
            35.6677779
          ],
          [
            10.8873406,
            35.6671051
          ],
          [
            10.8876586,
            35.6667204
          ],
          [
            10.8879456,
            35.6663865
          ],
          [
            10.8882468,
            35.6660401
          ],
          [
            10.8883742,
            35.6658936
          ],
          [
            10.8888208,
            35.6653888
          ],
          [
            10.8890425,
            35.6651185
          ],
          [
            10.8894144,
            35.6646804
          ],
          [
            10.8899453,
            35.664074
          ],
          [
            10.890584,
            35.6633384
          ],
          [
            10.8906281,
            35.6632876
          ],
          [
            10.8911979,
            35.6626314
          ],
          [
            10.8918175,
            35.6618948
          ],
          [
            10.8923781,
            35.6611146
          ],
          [
            10.893096,
            35.6598141
          ],
          [
            10.893383,
            35.6592777
          ],
          [
            10.8936924,
            35.6587222
          ],
          [
            10.8939626,
            35.6581862
          ],
          [
            10.8942637,
            35.6577255
          ],
          [
            10.8946226,
            35.6572367
          ],
          [
            10.8949452,
            35.6568344
          ],
          [
            10.89595,
            35.6557338
          ],
          [
            10.8967147,
            35.6549221
          ],
          [
            10.8974312,
            35.6541345
          ],
          [
            10.8977124,
            35.6538029
          ],
          [
            10.8980065,
            35.6534024
          ],
          [
            10.8982346,
            35.6530218
          ],
          [
            10.8984264,
            35.6526148
          ],
          [
            10.8985918,
            35.652142
          ],
          [
            10.8986642,
            35.6518002
          ],
          [
            10.8987115,
            35.6513601
          ],
          [
            10.8987846,
            35.6501749
          ],
          [
            10.8988032,
            35.6499086
          ],
          [
            10.898861,
            35.6494331
          ],
          [
            10.8989381,
            35.6491028
          ],
          [
            10.8990487,
            35.6487598
          ],
          [
            10.8991876,
            35.648411
          ],
          [
            10.8992389,
            35.6483087
          ],
          [
            10.8994652,
            35.6478528
          ],
          [
            10.8999143,
            35.6470023
          ],
          [
            10.9003181,
            35.6462676
          ],
          [
            10.9007809,
            35.6454061
          ],
          [
            10.9017385,
            35.6436529
          ],
          [
            10.902752,
            35.6417253
          ],
          [
            10.9031368,
            35.641086
          ],
          [
            10.9033841,
            35.6407312
          ],
          [
            10.903691,
            35.6403655
          ],
          [
            10.9039765,
            35.6400493
          ],
          [
            10.9042311,
            35.6398108
          ],
          [
            10.9046859,
            35.6394399
          ],
          [
            10.9050972,
            35.639142
          ],
          [
            10.9069641,
            35.6379611
          ],
          [
            10.9075244,
            35.6376132
          ],
          [
            10.9081676,
            35.6371657
          ],
          [
            10.9084451,
            35.6369064
          ],
          [
            10.9087049,
            35.6366135
          ],
          [
            10.9090099,
            35.6362213
          ],
          [
            10.9092646,
            35.6358236
          ],
          [
            10.910071,
            35.6344757
          ],
          [
            10.9103536,
            35.6340556
          ],
          [
            10.9106155,
            35.6336768
          ],
          [
            10.9109344,
            35.6333492
          ],
          [
            10.9113234,
            35.6330158
          ],
          [
            10.9114939,
            35.6329117
          ],
          [
            10.9117146,
            35.6327563
          ],
          [
            10.9119577,
            35.6326239
          ],
          [
            10.9121942,
            35.632506
          ],
          [
            10.9125311,
            35.6323561
          ],
          [
            10.9127535,
            35.6322663
          ],
          [
            10.9130356,
            35.6321751
          ],
          [
            10.9135072,
            35.6320317
          ]
        ]
      },
      "id": "way/838818861"
    },
    {
      "type": "Feature",
      "properties": {
        "@id": "way/838818862",
        "bridge": "yes",
        "electrified": "contact_line",
        "frequency": "50",
        "gauge": "1000",
        "layer": "1",
        "operator": "الشركة الوطنية للسكك الحديدية التونسية",
        "operator:ar": "الشركة الوطنية للسكك الحديدية التونسية",
        "operator:website": "http://www.sncft.com.tn/Ar/",
        "operator:wikidata": "Q2297197",
        "operator:wikipedia": "ar:الشركة الوطنية للسكك الحديدية التونسية",
        "operator:wikipedia:ar": "الشركة الوطنية للسكك الحديدية التونسية",
        "passenger_lines": "2",
        "railway": "rail",
        "usage": "main",
        "voltage": "25000"
      },
      "geometry": {
        "type": "LineString",
        "coordinates": [
          [
            10.8699174,
            35.6713352
          ],
          [
            10.8704031,
            35.6711181
          ]
        ]
      },
      "id": "way/838818862"
    },
    {
      "type": "Feature",
      "properties": {
        "@id": "way/839291182",
        "gauge": "1000",
        "railway": "rail",
        "service": "spur",
        "usage": "branch"
      },
      "geometry": {
        "type": "LineString",
        "coordinates": [
          [
            10.5785879,
            35.7743012
          ],
          [
            10.578381,
            35.7746495
          ],
          [
            10.5779691,
            35.7753909
          ],
          [
            10.5758066,
            35.780552
          ],
          [
            10.5757602,
            35.7807507
          ],
          [
            10.575675,
            35.7811153
          ]
        ]
      },
      "id": "way/839291182"
    },
    {
      "type": "Feature",
      "properties": {
        "@id": "way/839340741",
        "gauge": "1000",
        "railway": "rail",
        "service": "yard"
      },
      "geometry": {
        "type": "LineString",
        "coordinates": [
          [
            10.5997832,
            35.7284691
          ],
          [
            10.599058,
            35.7277216
          ]
        ]
      },
      "id": "way/839340741"
    },
    {
      "type": "Feature",
      "properties": {
        "@id": "way/1006410891",
        "gauge": "1000",
        "railway": "rail",
        "service": "siding"
      },
      "geometry": {
        "type": "LineString",
        "coordinates": [
          [
            10.6024206,
            35.7313016
          ],
          [
            10.6026268,
            35.7315635
          ]
        ]
      },
      "id": "way/1006410891"
    },
    {
      "type": "Feature",
      "properties": {
        "@id": "way/1006410892",
        "gauge": "1000",
        "railway": "rail",
        "service": "siding"
      },
      "geometry": {
        "type": "LineString",
        "coordinates": [
          [
            10.6029387,
            35.7318812
          ],
          [
            10.6033,
            35.732223
          ]
        ]
      },
      "id": "way/1006410892"
    },
    {
      "type": "Feature",
      "properties": {
        "@id": "way/1006416107",
        "gauge": "1000",
        "railway": "rail",
        "service": "siding"
      },
      "geometry": {
        "type": "LineString",
        "coordinates": [
          [
            10.5796629,
            35.7723204
          ],
          [
            10.5793799,
            35.7728677
          ]
        ]
      },
      "id": "way/1006416107"
    },
    {
      "type": "Feature",
      "properties": {
        "@id": "way/1006461339",
        "gauge": "1000",
        "railway": "rail",
        "service": "yard",
        "usage": "branch"
      },
      "geometry": {
        "type": "LineString",
        "coordinates": [
          [
            10.8427581,
            35.6800628
          ],
          [
            10.8409639,
            35.6805701
          ]
        ]
      },
      "id": "way/1006461339"
    },
    {
      "type": "Feature",
      "properties": {
        "@id": "way/1041443502",
        "gauge": "1000",
        "railway": "rail",
        "service": "siding"
      },
      "geometry": {
        "type": "LineString",
        "coordinates": [
          [
            10.6428378,
            35.8196933
          ],
          [
            10.6426432,
            35.8199393
          ]
        ]
      },
      "id": "way/1041443502"
    },
    {
      "type": "Feature",
      "properties": {
        "@id": "way/1041443503",
        "gauge": "1000",
        "railway": "rail",
        "service": "siding"
      },
      "geometry": {
        "type": "LineString",
        "coordinates": [
          [
            10.6423041,
            35.8205764
          ],
          [
            10.6424418,
            35.8202733
          ]
        ]
      },
      "id": "way/1041443503"
    },
    {
      "type": "Feature",
      "properties": {
        "@id": "way/1208101451",
        "electrified": "no",
        "gauge": "1000",
        "passenger_lines": "1",
        "railway": "rail"
      },
      "geometry": {
        "type": "LineString",
        "coordinates": [
          [
            10.6359399,
            35.8318355
          ],
          [
            10.6362493,
            35.8316522
          ],
          [
            10.6364535,
            35.8315317
          ],
          [
            10.6368398,
            35.831324
          ],
          [
            10.6390293,
            35.8300311
          ],
          [
            10.6392883,
            35.8298523
          ],
          [
            10.639916,
            35.8293905
          ]
        ]
      },
      "id": "way/1208101451"
    },
    {
      "type": "Feature",
      "properties": {
        "@id": "way/1320188232",
        "railway": "rail"
      },
      "geometry": {
        "type": "LineString",
        "coordinates": [
          [
            10.6474942,
            35.804994
          ],
          [
            10.647696,
            35.804675
          ]
        ]
      },
      "id": "way/1320188232"
    },
    {
      "type": "Feature",
      "properties": {
        "@id": "node/289116984",
        "public_transport": "stop_position",
        "railway": "halt",
        "train": "yes"
      },
      "geometry": {
        "type": "Point",
        "coordinates": [
          10.8080507,
          35.7600971
        ]
      },
      "id": "node/289116984"
    },
    {
      "type": "Feature",
      "properties": {
        "@id": "node/558822525",
        "addr:city": "سوسة",
        "name": "سوسة باب الجديد",
        "name:ar": "سوسة باب الجديد",
        "name:en": "Sousse Bab Djedid",
        "name:fr": "Sousse Bab Djedid",
        "operator": "الشركة الوطنية للسكك الحديدية التونسية",
        "operator:ar": "الشركة الوطنية للسكك الحديدية التونسية",
        "operator:website": "http://www.sncft.com.tn/Ar/",
        "operator:wikidata": "Q2297197",
        "operator:wikipedia": "ar:الشركة الوطنية للسكك الحديدية التونسية",
        "operator:wikipedia:ar": "الشركة الوطنية للسكك الحديدية التونسية",
        "public_transport": "station",
        "railway": "station",
        "stop_id": "231A"
      },
      "geometry": {
        "type": "Point",
        "coordinates": [
          10.6415016,
          35.8229148
        ]
      },
      "id": "node/558822525"
    },
    {
      "type": "Feature",
      "properties": {
        "@id": "node/1359426402",
        "gtfs_id": "247T",
        "name": "قصر هلال المنطقة الصناعية",
        "name:ar": "قصر هلال المنطقة الصناعية",
        "name:en": "Ksar Hellal Zone Industrielle",
        "name:fr": "Ksar Hellal Zone Industrielle",
        "ntd_id": "4057",
        "operator": "الشركة الوطنية للسكك الحديدية التونسية",
        "operator:ar": "الشركة الوطنية للسكك الحديدية التونسية",
        "operator:website": "http://www.sncft.com.tn/Ar/",
        "operator:wikidata": "Q2297197",
        "operator:wikipedia": "ar:الشركة الوطنية للسكك الحديدية التونسية",
        "operator:wikipedia:ar": "الشركة الوطنية للسكك الحديدية التونسية",
        "public_transport": "station",
        "railway": "station",
        "route_ref": "L22",
        "stop_id": "247T",
        "train": "yes"
      },
      "geometry": {
        "type": "Point",
        "coordinates": [
          10.8986568,
          35.6517434
        ]
      },
      "id": "node/1359426402"
    },
    {
      "type": "Feature",
      "properties": {
        "@id": "node/1359492749",
        "addr:city": "لمطة",
        "gtfs_id": "245R",
        "name": "لمطة",
        "name:ar": "لمطة",
        "name:en": "Lamta",
        "name:fr": "Lamta",
        "ntd_id": "8014",
        "operator": "الشركة الوطنية للسكك الحديدية التونسية",
        "operator:ar": "الشركة الوطنية للسكك الحديدية التونسية",
        "operator:website": "http://www.sncft.com.tn/Ar/",
        "operator:wikidata": "Q2297197",
        "operator:wikipedia": "ar:الشركة الوطنية للسكك الحديدية التونسية",
        "operator:wikipedia:ar": "الشركة الوطنية للسكك الحديدية التونسية",
        "public_transport": "station",
        "railway": "station",
        "route_ref": "L22",
        "stop_id": "245R"
      },
      "geometry": {
        "type": "Point",
        "coordinates": [
          10.8825112,
          35.6701564
        ]
      },
      "id": "node/1359492749"
    },
    {
      "type": "Feature",
      "properties": {
        "@id": "node/2003736239",
        "addr:city": "المنستير",
        "name": "مطار المنستير",
        "name:ar": "مطار المنستير",
        "name:en": "Airport",
        "name:fr": "Aéroport Monastir",
        "operator": "الشركة الوطنية للسكك الحديدية التونسية",
        "operator:ar": "الشركة الوطنية للسكك الحديدية التونسية",
        "operator:website": "http://www.sncft.com.tn/Ar/",
        "operator:wikidata": "Q2297197",
        "operator:wikipedia": "ar:الشركة الوطنية للسكك الحديدية التونسية",
        "operator:wikipedia:ar": "الشركة الوطنية للسكك الحديدية التونسية",
        "public_transport": "station",
        "railway": "station",
        "stop_id": "237G",
        "train": "yes",
        "wikidata": "Q19753278",
        "wikipedia": "en:Skanes-Monastir airport railway station"
      },
      "geometry": {
        "type": "Point",
        "coordinates": [
          10.7545542,
          35.7626211
        ]
      },
      "id": "node/2003736239"
    },
    {
      "type": "Feature",
      "properties": {
        "@id": "node/2003736241",
        "name": "نزل المنستير",
        "name:ar": "نزل المنستير",
        "name:en": "Les Hôtels",
        "name:fr": "Les Hôtels Monastir",
        "public_transport": "station",
        "railway": "station",
        "stop_id": "239J",
        "wheelchair": "no",
        "wikidata": "Q19753271",
        "wikipedia": "ar:محطة فنادق المنستير"
      },
      "geometry": {
        "type": "Point",
        "coordinates": [
          10.7448732,
          35.7601011
        ]
      },
      "id": "node/2003736241"
    },
    {
      "type": "Feature",
      "properties": {
        "@id": "node/2003736242",
        "name": "سوسة محمد الخامس",
        "name:ar": "سوسة محمد الخامس",
        "name:en": "Sousse Mohamed V",
        "name:fr": "Sousse Mohamed V",
        "public_transport": "station",
        "railway": "station",
        "stop_id": "232B"
      },
      "geometry": {
        "type": "Point",
        "coordinates": [
          10.6433526,
          35.8162829
        ]
      },
      "id": "node/2003736242"
    },
    {
      "type": "Feature",
      "properties": {
        "@id": "node/2003736244",
        "name": "الساحلين سبخة",
        "name:ar": "الساحلين سبخة",
        "name:en": "Sahline Sebkha",
        "name:fr": "Sahline Sebkha",
        "operator": "الشركة الوطنية للسكك الحديدية التونسية",
        "operator:ar": "الشركة الوطنية للسكك الحديدية التونسية",
        "operator:website": "http://www.sncft.com.tn/Ar/",
        "operator:wikidata": "Q2297197",
        "operator:wikipedia": "ar:الشركة الوطنية للسكك الحديدية التونسية",
        "operator:wikipedia:ar": "الشركة الوطنية للسكك الحديدية التونسية",
        "public_transport": "station",
        "railway": "station",
        "stop_id": "236F",
        "wikidata": "Q19753149",
        "wikipedia": "en:Sahline Sebkha"
      },
      "geometry": {
        "type": "Point",
        "coordinates": [
          10.7171572,
          35.7574586
        ]
      },
      "id": "node/2003736244"
    },
    {
      "type": "Feature",
      "properties": {
        "@id": "node/2003736247",
        "name": "الساحلين",
        "name:ar": "الساحلين",
        "name:en": "Sahline Ville",
        "name:fr": "Sahline Ville",
        "operator": "الشركة الوطنية للسكك الحديدية التونسية",
        "operator:ar": "الشركة الوطنية للسكك الحديدية التونسية",
        "operator:website": "http://www.sncft.com.tn/Ar/",
        "operator:wikidata": "Q2297197",
        "operator:wikipedia": "ar:الشركة الوطنية للسكك الحديدية التونسية",
        "operator:wikipedia:ar": "الشركة الوطنية للسكك الحديدية التونسية",
        "public_transport": "station",
        "railway": "station",
        "stop_id": "235E"
      },
      "geometry": {
        "type": "Point",
        "coordinates": [
          10.70312,
          35.7591436
        ]
      },
      "id": "node/2003736247"
    },
    {
      "type": "Feature",
      "properties": {
        "@id": "node/2003736249",
        "name": "سوسة المنطقة الصناعية سيدي عبد الحميد",
        "name:ar": "سوسة المنطقة الصناعية سيدي عبد الحميد",
        "name:en": "Sousse Zone Industrielle",
        "name:fr": "Sousse Zone Industrielle Sidi Abdelhamid",
        "public_transport": "station",
        "railway": "station",
        "stop_id": "234D"
      },
      "geometry": {
        "type": "Point",
        "coordinates": [
          10.6686033,
          35.7821002
        ]
      },
      "id": "node/2003736249"
    },
    {
      "type": "Feature",
      "properties": {
        "@id": "node/2003739332",
        "name": "قصيبة المديوني - بنان",
        "name:ar": "قصيبة المديوني - بنان",
        "name:en": "Ksibet El Mediouni",
        "name:fr": "Ksibet El Mediouni / Bennane",
        "public_transport": "station",
        "railway": "station",
        "stop_id": "243N",
        "wheelchair": "yes"
      },
      "geometry": {
        "type": "Point",
        "coordinates": [
          10.8426835,
          35.6799171
        ]
      },
      "id": "node/2003739332"
    },
    {
      "type": "Feature",
      "properties": {
        "@id": "node/2578745339",
        "public_transport": "stop_position",
        "railway": "halt",
        "train": "yes",
        "wikidata": "Q19753286",
        "wikipedia": "ar:محطة الكلية (المنستير)"
      },
      "geometry": {
        "type": "Point",
        "coordinates": [
          10.8080172,
          35.7601205
        ]
      },
      "id": "node/2578745339"
    },
    {
      "type": "Feature",
      "properties": {
        "@id": "node/2578745359",
        "public_transport": "stop_position",
        "railway": "stop",
        "train": "yes"
      },
      "geometry": {
        "type": "Point",
        "coordinates": [
          10.8095042,
          35.7611018
        ]
      },
      "id": "node/2578745359"
    },
    {
      "type": "Feature",
      "properties": {
        "@id": "node/2578843281",
        "public_transport": "stop_position",
        "railway": "stop",
        "train": "yes"
      },
      "geometry": {
        "type": "Point",
        "coordinates": [
          10.8094718,
          35.7611126
        ]
      },
      "id": "node/2578843281"
    },
    {
      "type": "Feature",
      "properties": {
        "@id": "node/4024305577",
        "name": "سوسة المخزن",
        "name:ar": "سوسة المخزن",
        "name:en": "Arrêt du Dépôt Sousse",
        "name:fr": "Arrêt du Dépôt Sousse",
        "public_transport": "station",
        "railway": "station"
      },
      "geometry": {
        "type": "Point",
        "coordinates": [
          10.6538518,
          35.7921065
        ]
      },
      "id": "node/4024305577"
    },
    {
      "type": "Feature",
      "properties": {
        "@id": "node/4171839843",
        "ferry": "yes",
        "name": "Small Kuriat",
        "public_transport": "stop_position"
      },
      "geometry": {
        "type": "Point",
        "coordinates": [
          11.0107916,
          35.768049
        ]
      },
      "id": "node/4171839843"
    },
    {
      "type": "Feature",
      "properties": {
        "@id": "node/5227817810",
        "gtfs_id": "43",
        "name": "سوسة بضائع",
        "name:ar": "سوسة بضائع",
        "name:fr": "Sousse Marchandise",
        "operator": "الشركة الوطنية للسكك الحديدية التونسية",
        "operator:ar": "الشركة الوطنية للسكك الحديدية التونسية",
        "operator:website": "http://www.sncft.com.tn/Ar/",
        "operator:wikidata": "Q2297197",
        "operator:wikipedia": "ar:الشركة الوطنية للسكك الحديدية التونسية",
        "operator:wikipedia:ar": "الشركة الوطنية للسكك الحديدية التونسية",
        "public_transport": "station",
        "railway": "station",
        "route_ref": "16;18;21;22;24",
        "train": "yes"
      },
      "geometry": {
        "type": "Point",
        "coordinates": [
          10.5772487,
          35.7778856
        ]
      },
      "id": "node/5227817810"
    },
    {
      "type": "Feature",
      "properties": {
        "@id": "node/5227817813",
        "gtfs_id": "46",
        "name": "المسعدين",
        "name:ar": "المسعدين",
        "name:fr": "Messadine",
        "operator": "الشركة الوطنية للسكك الحديدية التونسية",
        "operator:ar": "الشركة الوطنية للسكك الحديدية التونسية",
        "operator:website": "http://www.sncft.com.tn/Ar/",
        "operator:wikidata": "Q2297197",
        "operator:wikipedia": "ar:الشركة الوطنية للسكك الحديدية التونسية",
        "operator:wikipedia:ar": "الشركة الوطنية للسكك الحديدية التونسية",
        "public_transport": "halt",
        "railway": "halt",
        "train": "yes"
      },
      "geometry": {
        "type": "Point",
        "coordinates": [
          10.5909773,
          35.7548572
        ]
      },
      "id": "node/5227817813"
    },
    {
      "type": "Feature",
      "properties": {
        "@id": "node/5227817942",
        "gtfs_id": "165",
        "name": "بوحجر",
        "name:ar": "بوحجر",
        "name:en": "Bouhjar",
        "name:fr": "Bouhjar",
        "operator": "الشركة الوطنية للسكك الحديدية التونسية",
        "operator:ar": "الشركة الوطنية للسكك الحديدية التونسية",
        "operator:website": "http://www.sncft.com.tn/Ar/",
        "operator:wikidata": "Q2297197",
        "operator:wikipedia": "ar:الشركة الوطنية للسكك الحديدية التونسية",
        "operator:wikipedia:ar": "الشركة الوطنية للسكك الحديدية التونسية",
        "public_transport": "station",
        "railway": "station",
        "route_ref": "1;36;51",
        "stop_id": "244P",
        "train": "yes"
      },
      "geometry": {
        "type": "Point",
        "coordinates": [
          10.8678348,
          35.672244
        ]
      },
      "id": "node/5227817942"
    },
    {
      "type": "Feature",
      "properties": {
        "@id": "node/5227817944",
        "gtfs_id": "167",
        "name": "خنيس - بنبلة",
        "name:ar": "خنيس - بنبلة",
        "name:en": "Khenis - Bembla",
        "name:fr": "Khenis - Bembla",
        "operator": "الشركة الوطنية للسكك الحديدية التونسية",
        "operator:ar": "الشركة الوطنية للسكك الحديدية التونسية",
        "operator:website": "http://www.sncft.com.tn/Ar/",
        "operator:wikidata": "Q2297197",
        "operator:wikipedia": "ar:الشركة الوطنية للسكك الحديدية التونسية",
        "operator:wikipedia:ar": "الشركة الوطنية للسكك الحديدية التونسية",
        "public_transport": "station",
        "railway": "station",
        "route_ref": "1;36;51",
        "stop_id": "242M",
        "train": "yes"
      },
      "geometry": {
        "type": "Point",
        "coordinates": [
          10.8125242,
          35.708942
        ]
      },
      "id": "node/5227817944"
    },
    {
      "type": "Feature",
      "properties": {
        "@id": "node/5227817945",
        "gtfs_id": "168",
        "name": "الفرينة",
        "name:ar": "الفرينة",
        "name:en": "Frina",
        "name:fr": "Frina",
        "operator": "الشركة الوطنية للسكك الحديدية التونسية",
        "operator:ar": "الشركة الوطنية للسكك الحديدية التونسية",
        "operator:website": "http://www.sncft.com.tn/Ar/",
        "operator:wikidata": "Q2297197",
        "operator:wikipedia": "ar:الشركة الوطنية للسكك الحديدية التونسية",
        "operator:wikipedia:ar": "الشركة الوطنية للسكك الحديدية التونسية",
        "public_transport": "station",
        "railway": "station",
        "train": "yes"
      },
      "geometry": {
        "type": "Point",
        "coordinates": [
          10.8126671,
          35.7306263
        ]
      },
      "id": "node/5227817945"
    },
    {
      "type": "Feature",
      "properties": {
        "@id": "node/5227817957",
        "gtfs_id": "170",
        "name": "المنستير الكلية 2",
        "name:ar": "المنستير الكلية 2",
        "name:en": "Faculté 2",
        "name:fr": "Faculté 2",
        "operator": "الشركة الوطنية للسكك الحديدية التونسية",
        "operator:ar": "الشركة الوطنية للسكك الحديدية التونسية",
        "operator:website": "http://www.sncft.com.tn/Ar/",
        "operator:wikidata": "Q2297197",
        "operator:wikipedia": "ar:الشركة الوطنية للسكك الحديدية التونسية",
        "operator:wikipedia:ar": "الشركة الوطنية للسكك الحديدية التونسية",
        "public_transport": "station",
        "railway": "station",
        "train": "yes"
      },
      "geometry": {
        "type": "Point",
        "coordinates": [
          10.8091677,
          35.7608002
        ]
      },
      "id": "node/5227817957"
    },
    {
      "type": "Feature",
      "properties": {
        "@id": "node/5227817978",
        "gtfs_id": "181",
        "name": "المنستير الكلية",
        "name:ar": "المنستير الكلية",
        "name:en": "Faculté 1",
        "name:fr": "Faculté 1",
        "operator": "الشركة الوطنية للسكك الحديدية التونسية",
        "operator:ar": "الشركة الوطنية للسكك الحديدية التونسية",
        "operator:website": "http://www.sncft.com.tn/Ar/",
        "operator:wikidata": "Q2297197",
        "operator:wikipedia": "ar:الشركة الوطنية للسكك الحديدية التونسية",
        "operator:wikipedia:ar": "الشركة الوطنية للسكك الحديدية التونسية",
        "public_transport": "station",
        "railway": "station",
        "route_ref": "1;3;36;51",
        "stop_id": "240K",
        "train": "yes"
      },
      "geometry": {
        "type": "Point",
        "coordinates": [
          10.8070346,
          35.7593931
        ]
      },
      "id": "node/5227817978"
    },
    {
      "type": "Feature",
      "properties": {
        "@id": "node/5234855760",
        "gtfs_id": "169",
        "name": "المنستير المنطقة الصناعية",
        "name:ar": "المنستير المنطقة الصناعية",
        "name:en": "Monastir Zone Industrielle",
        "name:fr": "Monastir Zone Industrielle",
        "operator": "Sociéte Nationale des chemins de fer tunisien",
        "public_transport": "station",
        "railway": "station",
        "stop_id": "241L",
        "train": "yes"
      },
      "geometry": {
        "type": "Point",
        "coordinates": [
          10.8203432,
          35.7397019
        ]
      },
      "id": "node/5234855760"
    },
    {
      "type": "Feature",
      "properties": {
        "@id": "node/5790473047",
        "public_transport": "stop_position"
      },
      "geometry": {
        "type": "Point",
        "coordinates": [
          10.6902538,
          35.7817372
        ]
      },
      "id": "node/5790473047"
    },
    {
      "type": "Feature",
      "properties": {
        "@id": "node/6559074905",
        "bus": "yes",
        "highway": "bus_stop",
        "public_transport": "stop_position"
      },
      "geometry": {
        "type": "Point",
        "coordinates": [
          10.6278026,
          35.8100917
        ]
      },
      "id": "node/6559074905"
    },
    {
      "type": "Feature",
      "properties": {
        "@id": "node/7829749519",
        "name": "المنستير",
        "name:ar": "المنستير",
        "name:en": "Monastir",
        "name:fr": "Monastir",
        "public_transport": "station",
        "railway": "station",
        "stop_id": "238H",
        "train": "yes"
      },
      "geometry": {
        "type": "Point",
        "coordinates": [
          10.8261051,
          35.770851
        ]
      },
      "id": "node/7829749519"
    },
    {
      "type": "Feature",
      "properties": {
        "@id": "node/7829854810",
        "name": "سوسة الجنوبية",
        "name:ar": "سوسة الجنوبية",
        "name:en": "Sousse Sud",
        "name:fr": "Sousse Sud",
        "public_transport": "station",
        "railway": "station",
        "stop_id": "233C",
        "train": "yes"
      },
      "geometry": {
        "type": "Point",
        "coordinates": [
          10.6499057,
          35.8001927
        ]
      },
      "id": "node/7829854810"
    },
    {
      "type": "Feature",
      "properties": {
        "@id": "node/7829854811",
        "addr:city": "سوسة",
        "name": "سوسة",
        "name:ar": "سوسة",
        "name:es": "Susa",
        "name:fr": "Sousse",
        "name:it": "Susa",
        "public_transport": "station",
        "railway": "station",
        "stop_id": "193E",
        "train": "yes",
        "wheelchair": "no"
      },
      "geometry": {
        "type": "Point",
        "coordinates": [
          10.6381442,
          35.8305359
        ]
      },
      "id": "node/7829854811"
    },
    {
      "type": "Feature",
      "properties": {
        "@id": "node/7830239214",
        "name": "مساكن",
        "name:ar": "مساكن",
        "name:fr": "Msaken",
        "public_transport": "station",
        "railway": "station",
        "train": "yes"
      },
      "geometry": {
        "type": "Point",
        "coordinates": [
          10.599953,
          35.7289523
        ]
      },
      "id": "node/7830239214"
    },
    {
      "type": "Feature",
      "properties": {
        "@id": "node/7830667498",
        "name": "القلعة الصغرى",
        "name:ar": "القلعة الصغرى",
        "name:fr": "Kalaa Seghira",
        "public_transport": "station",
        "railway": "station",
        "stop_id": "191C",
        "train": "yes"
      },
      "geometry": {
        "type": "Point",
        "coordinates": [
          10.5714633,
          35.8219787
        ]
      },
      "id": "node/7830667498"
    },
    {
      "type": "Feature",
      "properties": {
        "@id": "node/7830774022",
        "name": "القلعة الكبرى",
        "name:ar": "القلعة الكبرى",
        "name:fr": "Kalaa Kebira",
        "public_transport": "station",
        "railway": "station",
        "stop_id": "183S",
        "train": "yes"
      },
      "geometry": {
        "type": "Point",
        "coordinates": [
          10.5530601,
          35.8680522
        ]
      },
      "id": "node/7830774022"
    },
    {
      "type": "Feature",
      "properties": {
        "@id": "node/8480257550",
        "ferry": "yes",
        "name": "Big Kuriat",
        "public_transport": "stop_position"
      },
      "geometry": {
        "type": "Point",
        "coordinates": [
          11.0432463,
          35.7952766
        ]
      },
      "id": "node/8480257550"
    },
    {
      "type": "Feature",
      "properties": {
        "@id": "node/10295360635",
        "bus": "yes",
        "highway": "bus_stop",
        "name": "Cite Erriadh",
        "public_transport": "stop_position"
      },
      "geometry": {
        "type": "Point",
        "coordinates": [
          10.6070995,
          35.7983017
        ]
      },
      "id": "node/10295360635"
    },
    {
      "type": "Feature",
      "properties": {
        "@id": "node/10295360680",
        "bus": "yes",
        "highway": "bus_stop",
        "public_transport": "stop_position"
      },
      "geometry": {
        "type": "Point",
        "coordinates": [
          10.6301601,
          35.8145596
        ]
      },
      "id": "node/10295360680"
    },
    {
      "type": "Feature",
      "properties": {
        "@id": "node/10295360681",
        "bus": "yes",
        "highway": "bus_stop",
        "name": "MESSADINE",
        "public_transport": "stop_position"
      },
      "geometry": {
        "type": "Point",
        "coordinates": [
          10.6004979,
          35.7588912
        ]
      },
      "id": "node/10295360681"
    },
    {
      "type": "Feature",
      "properties": {
        "@id": "node/10295360682",
        "bus": "yes",
        "highway": "bus_stop",
        "name": "MSAKEN",
        "public_transport": "stop_position"
      },
      "geometry": {
        "type": "Point",
        "coordinates": [
          10.5752001,
          35.7330017
        ]
      },
      "id": "node/10295360682"
    },
    {
      "type": "Feature",
      "properties": {
        "@id": "node/11118095379",
        "local_ref": "Direction Sousse - Monastir",
        "name": "Sayada",
        "name:en": "Sayada",
        "public_transport": "stop_position",
        "railway": "stop",
        "train": "yes"
      },
      "geometry": {
        "type": "Point",
        "coordinates": [
          10.8880503,
          35.6662035
        ]
      },
      "id": "node/11118095379"
    },
    {
      "type": "Feature",
      "properties": {
        "@id": "node/11118095380",
        "local_ref": "Direction Mahdia",
        "name": "Sayada",
        "name:en": "Sayada",
        "public_transport": "stop_position",
        "railway": "stop",
        "train": "yes"
      },
      "geometry": {
        "type": "Point",
        "coordinates": [
          10.8882468,
          35.6660401
        ]
      },
      "id": "node/11118095380"
    },
    {
      "type": "Feature",
      "properties": {
        "@id": "node/12221864698",
        "bus": "yes",
        "highway": "bus_stop",
        "public_transport": "stop_position"
      },
      "geometry": {
        "type": "Point",
        "coordinates": [
          10.6302507,
          35.8147951
        ]
      },
      "id": "node/12221864698"
    },
    {
      "type": "Feature",
      "properties": {
        "@id": "node/12221864699",
        "bus": "yes",
        "highway": "bus_stop",
        "public_transport": "stop_position"
      },
      "geometry": {
        "type": "Point",
        "coordinates": [
          10.6308338,
          35.8145834
        ]
      },
      "id": "node/12221864699"
    },
    {
      "type": "Feature",
      "properties": {
        "@id": "node/12221864700",
        "bus": "yes",
        "highway": "bus_stop",
        "public_transport": "stop_position"
      },
      "geometry": {
        "type": "Point",
        "coordinates": [
          10.6308666,
          35.8145181
        ]
      },
      "id": "node/12221864700"
    },
    {
      "type": "Feature",
      "properties": {
        "@id": "node/12221864701",
        "bus": "yes",
        "highway": "bus_stop",
        "public_transport": "stop_position"
      },
      "geometry": {
        "type": "Point",
        "coordinates": [
          10.6308984,
          35.8144493
        ]
      },
      "id": "node/12221864701"
    },
    {
      "type": "Feature",
      "properties": {
        "@id": "node/12221864702",
        "bus": "yes",
        "highway": "bus_stop",
        "public_transport": "stop_position"
      },
      "geometry": {
        "type": "Point",
        "coordinates": [
          10.630934,
          35.8143669
        ]
      },
      "id": "node/12221864702"
    },
    {
      "type": "Feature",
      "properties": {
        "@id": "node/12221864703",
        "bus": "yes",
        "highway": "bus_stop",
        "public_transport": "stop_position"
      },
      "geometry": {
        "type": "Point",
        "coordinates": [
          10.6309694,
          35.814303
        ]
      },
      "id": "node/12221864703"
    },
    {
      "type": "Feature",
      "properties": {
        "@id": "node/12221864704",
        "bus": "yes",
        "highway": "bus_stop",
        "public_transport": "stop_position"
      },
      "geometry": {
        "type": "Point",
        "coordinates": [
          10.6307781,
          35.8143171
        ]
      },
      "id": "node/12221864704"
    },
    {
      "type": "Feature",
      "properties": {
        "@id": "node/12221864705",
        "bus": "yes",
        "highway": "bus_stop",
        "public_transport": "stop_position"
      },
      "geometry": {
        "type": "Point",
        "coordinates": [
          10.630748,
          35.8143953
        ]
      },
      "id": "node/12221864705"
    }
  ]
}